"Crash_ID","Crash_Date","Crash_Time","Severity","Crash_Type","Pedestrians_Injured","Pedestrian_loss","Reported_location","Location","Latitude","Longitude","Day","Month","Year"
1037852,"24-05-2012","18:30","Injury","Struck pedestrian (On Road)",1,1,"ACTON","(-35.274498, 149.117212)",-35.274498,149.117212,24,5,2012
1042939,"24-08-2012","03:25","Injury","Struck pedestrian (On Road)",1,1,"CANBERRA CITY","(-35.279316, 149.129927)",-35.279316,149.129927,24,8,2012
1046959,"23-09-2012","14:00","Injury","Struck pedestrian (On Road)",1,0,"TURNER","(-35.260406, 149.131073)",-35.260406,149.131073,23,9,2012
1048741,"27-10-2012","23:20","Injury","Struck pedestrian (On Road)",1,1,"CANBERRA CITY","(-35.267671, 149.130981)",-35.267671,149.130981,27,10,2012
1030345,"05-03-2012","16:35","Injury","Struck pedestrian (On Road)",1,1,"GUNGAHLIN","(-35.181466, 149.128234)",-35.181466,149.128234,5,3,2012
1028555,"10-02-2012","15:10","Injury","Struck pedestrian (Off Road)",1,1,"CURTIN","(-35.324119, 149.085556)",-35.324119,149.085556,10,2,2012
1031897,"26-03-2012","16:02","Property Damage Only","Struck pedestrian (On Road)",1,0,"AINSLIE","(-35.281722, 149.131816)",-35.281722,149.131816,26,3,2012
1052136,"12-12-2012","14:00","Property Damage Only","Struck pedestrian (On Road)",1,0,"BRADDON","(-35.278745, 149.133994)",-35.278745,149.133994,12,12,2012
1057122,"21-01-2012","21:10","Injury","Struck pedestrian (Off Road)",1,1,"DICKSON","(-35.202617, 149.076448)",-35.202617,149.076448,21,1,2012
1038088,"13-06-2012","14:15","Injury","Struck pedestrian (On Road)",1,1,"CANBERRA CITY","(-35.311098, 149.141787)",-35.311098,149.141787,13,6,2012
1048971,"23-10-2012","14:10","Property Damage Only","Struck pedestrian (On Road)",1,0,"KINGSTON","(-35.312386, 149.146019)",-35.312386,149.146019,23,10,2012
1057306,"03-05-2012","16:40","Fatal","Struck pedestrian (On Road)",2,2,"WODEN","(-35.347313, 149.099872)",-35.347313,149.099872,3,5,2012
1046532,"25-09-2012","10:16","Injury","Struck pedestrian (On Road)",1,1,"BARTON","(-35.308829, 149.130814)",-35.308829,149.130814,25,9,2012
1031219,"22-03-2012","11:05","Property Damage Only","Struck pedestrian (On Road)",1,0,"SYMONSTON","(-35.335523, 149.167755)",-35.335523,149.167755,22,3,2012
1048184,"17-10-2012","17:27","Injury","Struck pedestrian (On Road)",1,1,"CANBERRA CITY","(-35.277091, 149.126537)",-35.277091,149.126537,17,10,2012
1049846,"20-11-2012","15:00","Injury","Struck pedestrian (On Road)",1,1,"CANBERRA CITY","(-35.277535, 149.132106)",-35.277535,149.132106,20,11,2012
1036569,"21-05-2012","06:35","Injury","Struck pedestrian (On Road)",1,1,"CANBERRA CITY","(-35.278415, 149.129246)",-35.278415,149.129246,21,5,2012
1052048,"26-12-2012","15:10","Injury","Struck pedestrian (On Road)",1,1,"FYSHWICK","(-35.336638, 149.179568)",-35.336638,149.179568,26,12,2012
1037965,"24-06-2012","10:00","Injury","Struck pedestrian (On Road)",1,1,"FLOREY","(-35.226762, 149.051838)",-35.226762,149.051838,24,6,2012
1048754,"07-11-2012","09:50","Injury","Struck pedestrian (Off Road)",1,1,"FYSHWICK","(-35.325404, 149.179456)",-35.325404,149.179456,7,11,2012
1046533,"26-09-2012","15:20","Injury","Struck pedestrian (On Road)",1,1,"KALEEN","(-35.230788, 149.113038)",-35.230788,149.113038,26,9,2012
1042165,"07-08-2012","08:50","Property Damage Only","Struck pedestrian (On Road)",1,0,"ISABELLA PLAINS","(-35.426242, 149.09243)",-35.426242,149.09243,7,8,2012
1057318,"22-11-2012","18:45","Fatal","Struck pedestrian (On Road)",1,1,"WESTON","(-35.339313, 149.053079)",-35.339313,149.053079,22,11,2012
1049098,"19-10-2012","08:02","Injury","Struck pedestrian (On Road)",1,1,"WODEN","(-35.371915, 149.092994)",-35.371915,149.092994,19,10,2012
1032861,"11-04-2012","15:10","Injury","Struck pedestrian (On Road)",1,1,"BARTON","(-35.252302, 149.131099)",-35.252302,149.131099,11,4,2012
1051009,"02-11-2012","10:09","Fatal","Struck pedestrian (Off Road)",1,1,"PHILLIP","(-35.349047, 149.0857)",-35.349047,149.0857,2,11,2012
1031912,"05-04-2012","08:00","Property Damage Only","Struck pedestrian (On Road)",1,0,"CANBERRA CITY","(-35.283883, 149.132121)",-35.283883,149.132121,5,4,2012
1037851,"22-05-2012","15:00","Injury","Struck pedestrian (On Road)",1,1,"CANBERRA CITY","(-35.27944, 149.127678)",-35.27944,149.127678,22,5,2012
1037926,"29-05-2012","16:45","Property Damage Only","Struck pedestrian (On Road)",1,0,"TUGGERANONG","(-35.415269, 149.067344)",-35.415269,149.067344,29,5,2012
1036434,"03-06-2012","11:00","Injury","Struck pedestrian (On Road)",1,1,"CHISHOLM","(-35.417108, 149.127478)",-35.417108,149.127478,3,6,2012
1037940,"12-06-2012","15:40","Injury","Struck pedestrian (On Road)",1,1,"NGUNNAWAL","(-35.179057, 149.125856)",-35.179057,149.125856,12,6,2012
1050502,"30-11-2012","08:35","Property Damage Only","Struck pedestrian (On Road)",1,0,"CANBERRA CITY","(-35.200811, 149.150529)",-35.200811,149.150529,30,11,2012
1049958,"21-11-2012","18:30","Injury","Struck pedestrian (On Road)",1,1,"BRUCE","(-35.242228, 149.089486)",-35.242228,149.089486,21,11,2012
1041927,"02-08-2012","08:50","Property Damage Only","Struck pedestrian (On Road)",1,0,"CAMPBELL","(-35.290574, 149.152872)",-35.290574,149.152872,2,8,2012
1049962,"22-11-2012","08:56","Injury","Struck pedestrian (On Road)",1,1,"MACQUARIE","(-35.251907, 149.06956)",-35.251907,149.06956,22,11,2012
1034835,"16-05-2012","16:22","Injury","Right angle collision",1,1,"CANBERRA CITY","(-35.273436, 149.121886)",-35.273436,149.121886,16,5,2012
1031331,"20-03-2012","14:50","Injury","Struck pedestrian (On Road)",1,1,"AINSLIE","",NA,NA,20,3,2012
1056959,"20-11-2012","17:22","Injury","Struck pedestrian (On Road)",1,1,"LYONS","(-35.345953, 149.084185)",-35.345953,149.084185,20,11,2012
1057071,"12-09-2012","15:00","Injury","Struck pedestrian (On Road)",1,1,"NGUNNAWAL","(-35.168867, 149.106279)",-35.168867,149.106279,12,9,2012
1039979,"15-07-2012","21:37","Injury","Struck pedestrian (On Road)",1,1,"DUNLOP","(-35.190744, 149.024855)",-35.190744,149.024855,15,7,2012
1032496,"03-04-2012","16:45","Injury","Struck pedestrian (On Road)",1,1,"CANBERRA CITY","(-35.277054, 149.129466)",-35.277054,149.129466,3,4,2012
1028427,"14-02-2012","08:50","Injury","Struck pedestrian (On Road)",1,1,"KALEEN","(-35.224796, 149.111025)",-35.224796,149.111025,14,2,2012
1039639,"12-05-2012","18:40","Injury","Struck pedestrian (On Road)",1,1,"CHARNWOOD ","(-35.189396, 149.021587)",-35.189396,149.021587,12,5,2012
1051926,"28-10-2012","06:30","Property Damage Only","Struck pedestrian (On Road)",1,0,"STIRLING","(-35.355651, 149.048629)",-35.355651,149.048629,28,10,2012
1028560,"11-02-2012","17:00","Injury","Struck pedestrian (On Road)",1,1,"MACARTHUR","(-35.403489, 149.13005)",-35.403489,149.13005,11,2,2012
1053720,"21-11-2012","18:45","Property Damage Only","Struck pedestrian (On Road)",1,0,"PEARCE","(-35.355936, 149.075251)",-35.355936,149.075251,21,11,2012
1057313,"12-10-2012","16:25","Fatal","Struck pedestrian (On Road)",1,1,"COOK","(-35.257384, 149.069091)",-35.257384,149.069091,12,10,2012
1057061,"25-10-2012","14:50","Injury","Struck pedestrian (On Road)",1,1,"NARRABUNDAH","(-35.332705, 149.154128)",-35.332705,149.154128,25,10,2012
1029600,"18-02-2012","21:28","Injury","Struck pedestrian (On Road)",1,1,"BRADDON","(-35.275935, 149.131163)",-35.275935,149.131163,18,2,2012
1057147,"11-02-2012","23:32","Injury","Struck pedestrian (On Road)",1,1,"BRADDON","(-35.27896, 149.129158)",-35.27896,149.129158,11,2,2012
1039925,"08-05-2012","19:21","Injury","Struck pedestrian (On Road)",1,1,"ACTON","(-35.275762, 149.129574)",-35.275762,149.129574,8,5,2012
1043588,"25-08-2012","09:10","Property Damage Only","Struck pedestrian (On Road)",1,0,"GRIFFITH","(-35.319097, 149.133127)",-35.319097,149.133127,25,8,2012
1039982,"16-07-2012","15:15","Injury","Struck pedestrian (On Road)",1,1,"PHILLIP","(-35.349011, 149.088312)",-35.349011,149.088312,16,7,2012
1049109,"09-11-2012","08:20","Property Damage Only","Struck pedestrian (On Road)",1,0,"WODEN","(-35.364231, 149.094256)",-35.364231,149.094256,9,11,2012
1047758,"26-10-2012","18:00","Property Damage Only","Struck pedestrian (On Road)",1,0,"WESTON","(-35.341776, 149.052288)",-35.341776,149.052288,26,10,2012
1051952,"20-12-2012","07:00","Injury","Struck pedestrian (On Road)",1,1,"CONDER","(-35.457657, 149.102602)",-35.457657,149.102602,20,12,2012
1029619,"02-03-2012","11:40","Injury","Right angle collision",1,1,"GRIFFITH","(-35.319931, 149.131241)",-35.319931,149.131241,2,3,2012
1050490,"28-11-2012","17:47","Injury","Struck pedestrian (On Road)",1,0,"WODEN","(-35.359373, 149.101935)",-35.359373,149.101935,28,11,2012
1032867,"16-04-2012","11:20","Injury","Struck pedestrian (On Road)",1,1,"KALEEN","(-35.218589, 149.103494)",-35.218589,149.103494,16,4,2012
1039779,"05-04-2012","17:30","Injury","Struck pedestrian (On Road)",1,1,"PHILLIP","(-35.348789, 149.084257)",-35.348789,149.084257,5,4,2012
1026849,"28-01-2012","10:30","Injury","Struck pedestrian (On Road)",1,1,"O'CONNOR","(-35.260511, 149.132038)",-35.260511,149.132038,28,1,2012
1032511,"13-04-2012","14:36","Injury","Struck pedestrian (On Road)",1,1,"ACTON","(-35.275692, 149.129686)",-35.275692,149.129686,13,4,2012
1037077,"15-06-2012","19:20","Property Damage Only","Struck pedestrian (On Road)",1,0,"WANNIASSA","(-35.405022, 149.098403)",-35.405022,149.098403,15,6,2012
1040221,"25-07-2012","16:19","Injury","Struck pedestrian (On Road)",1,1,"BRADDON","(-35.270307, 149.130366)",-35.270307,149.130366,25,7,2012
1048768,"08-11-2012","16:54","Property Damage Only","Struck pedestrian (On Road)",1,0,"CANBERRA CITY","(-35.279109, 149.125873)",-35.279109,149.125873,8,11,2012
1074310,"11-11-2013","16:00","Property Damage Only","Struck pedestrian (On Road)",1,0,"TUGGERANONG","(-35.373678, 149.055586)",-35.373678,149.055586,11,11,2013
1061218,"10-02-2013","05:15","Injury","Struck pedestrian (On Road)",2,2,"BRADDON","(-35.2672, 149.13246)",-35.2672,149.13246,10,2,2013
1052921,"07-01-2013","16:10","Injury","Struck pedestrian (On Road)",2,2,"BRUCE","(-35.246318, 149.101189)",-35.246318,149.101189,7,1,2013
1070692,"18-06-2013","08:30","Injury","Struck pedestrian (On Road)",1,1,"CANBERRA CITY","(-35.272862, 149.119297)",-35.272862,149.119297,18,6,2013
1076049,"27-11-2013","12:00","Property Damage Only","Struck pedestrian (On Road)",1,0,"CANBERRA CITY","(-35.2778, 149.132374)",-35.2778,149.132374,27,11,2013
1076643,"24-10-2013","11:35","Property Damage Only","Struck pedestrian (On Road)",1,0,"FYSHWICK","(-35.328966, 149.178229)",-35.328966,149.178229,24,10,2013
1073294,"09-02-2013","08:25","Property Damage Only","Struck pedestrian (On Road)",1,0,"WODEN","(-35.279192, 149.130523)",-35.279192,149.130523,9,2,2013
1076866,"14-12-2013","10:15","Injury","Struck pedestrian (On Road)",1,1,"GUNGAHLIN","(-35.186539, 149.124745)",-35.186539,149.124745,14,12,2013
1066319,"17-07-2013","17:30","Injury","Struck pedestrian (On Road)",1,1,"FORDE","(-35.280376, 149.146126)",-35.280376,149.146126,17,7,2013
1062725,"14-04-2013","16:00","Injury","Struck pedestrian (On Road)",1,1,"MAJURA","(-35.320064, 149.20813)",-35.320064,149.20813,14,4,2013
1052775,"01-01-2013","03:00","Injury","Struck pedestrian (On Road)",1,1,"KAMBAH","(-35.39055, 149.07258)",-35.39055,149.07258,1,1,2013
1054203,"30-01-2013","19:14","Injury","Struck pedestrian (On Road)",1,1,"KINGSTON","(-35.230884, 149.034385)",-35.230884,149.034385,30,1,2013
1068769,"10-08-2013","19:15","Injury","Struck pedestrian (On Road)",1,1,"DICKSON","(-35.250175, 149.136678)",-35.250175,149.136678,10,8,2013
1052777,"03-01-2013","10:15","Property Damage Only","Struck pedestrian (On Road)",2,0,"CANBERRA CITY","(-35.260511, 149.132038)",-35.260511,149.132038,3,1,2013
1077586,"27-11-2013","09:30","Injury","Struck pedestrian (On Road)",1,1,"CANBERRA CITY","(-35.278174, 149.132794)",-35.278174,149.132794,27,11,2013
1062321,"25-05-2013","14:20","Property Damage Only","Struck pedestrian (On Road)",1,0,"WODEN","(-35.349026, 149.091958)",-35.349026,149.091958,25,5,2013
1063461,"17-02-2013","15:00","Property Damage Only","Struck pedestrian (On Road)",1,0,"AMAROO","(-35.17004, 149.120262)",-35.17004,149.120262,17,2,2013
1076960,"24-11-2013","10:45","Injury","Struck pedestrian (Off Road)",1,1,"MACQUARIE","(-35.249346, 149.066028)",-35.249346,149.066028,24,11,2013
1068770,"16-08-2013","16:56","Fatal","Struck pedestrian (On Road)",1,1,"WODEN","(-35.362074, 149.100712)",-35.362074,149.100712,16,8,2013
1059958,"19-04-2013","13:15","Property Damage Only","Struck pedestrian (On Road)",1,0,"CANBERRA CITY","(-35.278394, 149.129052)",-35.278394,149.129052,19,4,2013
1063065,"04-06-2013","09:00","Property Damage Only","Struck pedestrian (On Road)",1,0,"DEAKIN","(-35.326899, 149.091732)",-35.326899,149.091732,4,6,2013
1068115,"12-08-2013","15:31","Injury","Struck pedestrian (On Road)",1,1,"FLOREY","(-35.225727, 149.047592)",-35.225727,149.047592,12,8,2013
1062300,"12-03-2013","09:15","Injury","Struck pedestrian (On Road)",1,1,"RED HILL","(-35.340764, 149.131784)",-35.340764,149.131784,12,3,2013
1074533,"04-11-2013","18:40","Injury","Struck pedestrian (On Road)",1,1,"CANBERRA CITY","(-35.252666, 149.133305)",-35.252666,149.133305,4,11,2013
1071403,"26-09-2013","17:29","Injury","Struck pedestrian (On Road)",1,1,"GUNGAHLIN","(-35.185475, 149.134501)",-35.185475,149.134501,26,9,2013
1063056,"31-05-2013","00:30","Property Damage Only","Struck pedestrian (On Road)",1,0,"CANBERRA CITY","(-35.277558, 149.131173)",-35.277558,149.131173,31,5,2013
1068872,"20-07-2013","23:25","Injury","Struck pedestrian (On Road)",1,1,"CANBERRA CITY","(-35.279505, 149.12907)",-35.279505,149.12907,20,7,2013
1075343,"23-11-2013","21:00","Property Damage Only","Struck pedestrian (On Road)",1,0,"TUGGERANONG","(-35.319716, 149.131873)",-35.319716,149.131873,23,11,2013
1061225,"01-05-2013","08:30","Injury","Struck pedestrian (On Road)",1,1,"PEARCE","(-35.357256, 149.089001)",-35.357256,149.089001,1,5,2013
1078233,"22-09-2013","21:05","Injury","Struck pedestrian (On Road)",1,1,"CANBERRA CITY","(-35.260533, 149.132234)",-35.260533,149.132234,22,9,2013
1062726,"17-04-2013","18:00","Injury","Struck pedestrian (Off Road)",1,1,"BELCONNEN","(-35.24348, 149.049955)",-35.24348,149.049955,17,4,2013
1072593,"12-10-2013","08:20","Injury","Struck pedestrian (On Road)",1,1,"GUNGAHLIN","(-35.18481, 149.14937)",-35.18481,149.14937,12,10,2013
1079499,"08-08-2013","08:30","Property Damage Only","Struck pedestrian (On Road)",1,0,"CHIFLEY","(-35.348161, 149.080947)",-35.348161,149.080947,8,8,2013
1065346,"24-06-2013","12:40","Injury","Struck pedestrian (On Road)",1,1,"GRIFFITH","(-35.321053, 149.133541)",-35.321053,149.133541,24,6,2013
1065713,"25-06-2013","15:03","Property Damage Only","Struck pedestrian (On Road)",1,0,"REID","(-35.280731, 149.138266)",-35.280731,149.138266,25,6,2013
1079490,"18-08-2013","12:30","Injury","Struck pedestrian (On Road)",1,1,"HOLDER","(-35.34144, 149.047114)",-35.34144,149.047114,18,8,2013
1053739,"23-01-2013","08:58","Injury","Struck pedestrian (On Road)",1,1,"CANBERRA CITY","(-35.278543, 149.130627)",-35.278543,149.130627,23,1,2013
1060764,"30-04-2013","13:00","Property Damage Only","Struck pedestrian (On Road)",1,0,"GRIFFITH","(-35.328145, 149.142419)",-35.328145,149.142419,30,4,2013
1072866,"19-10-2013","20:00","Property Damage Only","Struck pedestrian (On Road)",1,0,"PALMERSTON","(-35.197901, 149.121701)",-35.197901,149.121701,19,10,2013
1074786,"12-05-2013","10:45","Injury","Struck pedestrian (On Road)",1,1,"GUNGAHLIN","(-35.189022, 149.151287)",-35.189022,149.151287,12,5,2013
1054719,"08-02-2013","15:30","Injury","Struck pedestrian (Off Road)",1,1,"BONNER","(-35.160807, 149.135306)",-35.160807,149.135306,8,2,2013
1064774,"21-06-2013","21:10","Property Damage Only","Struck pedestrian (On Road)",1,0,"CANBERRA CITY","(-35.279412, 149.133513)",-35.279412,149.133513,21,6,2013
1072173,"20-09-2013","13:15","Property Damage Only","Struck pedestrian (On Road)",1,0,"CANBERRA CITY","(-35.277635, 149.131869)",-35.277635,149.131869,20,9,2013
1073384,"09-02-2013","19:15","Injury","Struck pedestrian (On Road)",1,1,"PALMERSTON","(-35.193652, 149.125262)",-35.193652,149.125262,9,2,2013
1070628,"14-09-2013","07:58","Property Damage Only","Struck pedestrian (On Road)",1,0,"BELCONNEN","(-35.247965, 149.067545)",-35.247965,149.067545,14,9,2013
1079698,"20-11-2013","08:10","Property Damage Only","Struck pedestrian (On Road)",1,0,"AINSLIE","(-35.279328, 149.135622)",-35.279328,149.135622,20,11,2013
1062108,"08-05-2013","15:05","Injury","Struck pedestrian (On Road)",1,1,"RICHARDSON","(-35.42788, 149.11567)",-35.42788,149.11567,8,5,2013
1077372,"22-11-2013","12:45","Injury","Struck pedestrian (On Road)",1,1,"WRIGHT","(-35.325634, 149.03914)",-35.325634,149.03914,22,11,2013
1054450,"01-02-2013","02:30","Injury","Struck pedestrian (Off Road)",1,1,"BARTON","(-35.211303, 149.110757)",-35.211303,149.110757,1,2,2013
1095847,"10-09-2014","15:41","Fatal","Struck pedestrian (On Road)",1,1,"MANUKA","(-35.319562, 149.135449)",-35.319562,149.135449,10,9,2014
1097396,"18-09-2014","16:15","Injury","Struck pedestrian (On Road)",1,1,"GUNGAHLIN","(-35.190823, 149.160492)",-35.190823,149.160492,18,9,2014
1086009,"28-04-2014","15:45","Property Damage Only","Struck pedestrian (On Road)",1,0,"CANBERRA CITY","(-35.276069, 149.129625)",-35.276069,149.129625,28,4,2014
1098250,"29-10-2014","12:45","Property Damage Only","Struck pedestrian (On Road)",1,0,"PHILLIP","(-35.342995, 149.086008)",-35.342995,149.086008,29,10,2014
1078965,"08-01-2014","21:55","Property Damage Only","Struck pedestrian (On Road)",1,0,"MAJURA","(-35.307394, 149.1706)",-35.307394,149.1706,8,1,2014
1086998,"23-05-2014","15:38","Injury","Struck pedestrian (On Road)",1,1,"HUME","(-35.402137, 149.14783)",-35.402137,149.14783,23,5,2014
1078844,"22-01-2014","12:20","Injury","Struck pedestrian (On Road)",1,1,"DEAKIN","(-35.321311, 149.093204)",-35.321311,149.093204,22,1,2014
1098546,"12-11-2014","19:54","Injury","Struck pedestrian (On Road)",1,1,"FORDE","(-35.166706, 149.145543)",-35.166706,149.145543,12,11,2014
1104840,"25-03-2014","12:00","Property Damage Only","Struck pedestrian (On Road)",1,0,"GUNGAHLIN","(-35.180311, 149.13604)",-35.180311,149.13604,25,3,2014
1084394,"17-04-2014","18:00","Injury","Struck pedestrian (On Road)",1,1,"GUNGAHLIN","(-35.185704, 149.135882)",-35.185704,149.135882,17,4,2014
1104852,"10-04-2014","18:20","Property Damage Only","Struck pedestrian (On Road)",1,0,"CANBERRA CITY","(-35.283632, 149.124606)",-35.283632,149.124606,10,4,2014
1092381,"06-08-2014","17:30","Injury","Struck pedestrian (On Road)",1,1,"AINSLIE","(-35.262425, 149.147201)",-35.262425,149.147201,6,8,2014
1079211,"25-01-2014","23:30","Property Damage Only","Struck pedestrian (On Road)",1,0,"TUGGERANONG","(-35.330543, 149.063432)",-35.330543,149.063432,25,1,2014
1095301,"06-09-2014","09:40","Injury","Struck pedestrian (On Road)",1,1,"PHILLIP","(-35.357075, 149.08811)",-35.357075,149.08811,6,9,2014
1091173,"16-07-2014","06:50","Injury","Struck pedestrian (On Road)",1,1,"TURNER","(-35.272041, 149.119728)",-35.272041,149.119728,16,7,2014
1099216,"12-11-2014","19:33","Property Damage Only","Struck pedestrian (Off Road)",1,0,"DICKSON","(-35.279843, 149.110712)",-35.279843,149.110712,12,11,2014
1099455,"21-02-2014","16:05","Injury","Struck pedestrian (On Road)",1,1,"FYSHWICK","(-35.227655, 149.035092)",-35.227655,149.035092,21,2,2014
1094954,"08-09-2014","17:30","Injury","Struck pedestrian (On Road)",1,1,"GUNGAHLIN","(-35.193339, 149.127875)",-35.193339,149.127875,8,9,2014
1097028,"01-09-2014","13:30","Injury","Struck pedestrian (On Road)",1,1,"FYSHWICK","(-35.330009, 149.183362)",-35.330009,149.183362,1,9,2014
1098277,"10-11-2014","06:32","Injury","Struck pedestrian (Off Road)",1,1,"FLYNN","(-35.209088, 149.042738)",-35.209088,149.042738,10,11,2014
1099082,"11-11-2014","17:45","Property Damage Only","Struck pedestrian (On Road)",1,0,"KINGSTON","(-35.316134, 149.142378)",-35.316134,149.142378,11,11,2014
1100879,"17-12-2014","17:00","Injury","Struck pedestrian (On Road)",1,1,"KAMBAH","(-35.382106, 149.05122)",-35.382106,149.05122,17,12,2014
1083966,"14-03-2014","08:30","Property Damage Only","Struck pedestrian (Off Road)",1,0,"WODEN","(-35.357941, 149.097166)",-35.357941,149.097166,14,3,2014
1082228,"19-03-2014","15:05","Property Damage Only","Struck pedestrian (On Road)",1,0,"PHILLIP","(-35.349037, 149.084251)",-35.349037,149.084251,19,3,2014
1098543,"12-11-2014","14:48","Injury","Struck pedestrian (On Road)",1,1,"CANBERRA CITY","(-35.279462, 149.127464)",-35.279462,149.127464,12,11,2014
1078424,"10-01-2014","17:50","Injury","Struck pedestrian (On Road)",1,1,"BRADDON","(-35.270606, 149.133122)",-35.270606,149.133122,10,1,2014
1082001,"18-02-2014","08:20","Injury","Struck pedestrian (On Road)",1,1,"WODEN","(-35.355442, 149.091526)",-35.355442,149.091526,18,2,2014
1087388,"07-05-2014","07:55","Injury","Struck pedestrian (On Road)",1,1,"RED HILL","(-35.323553, 149.109556)",-35.323553,149.109556,7,5,2014
1097031,"11-09-2014","22:30","Injury","Struck pedestrian (Off Road)",1,1,"BARTON","(-35.311359, 149.133307)",-35.311359,149.133307,11,9,2014
1090165,"02-07-2014","19:30","Injury","Struck pedestrian (On Road)",1,1,"BRADDON","(-35.275843, 149.131064)",-35.275843,149.131064,2,7,2014
1082751,"27-03-2014","13:30","Property Damage Only","Struck pedestrian (On Road)",1,0,"TUGGERANONG","(-35.415841, 149.067779)",-35.415841,149.067779,27,3,2014
1079541,"04-02-2014","15:25","Injury","Struck pedestrian (On Road)",1,1,"BELCONNEN","(-35.239184, 149.067627)",-35.239184,149.067627,4,2,2014
1086363,"29-04-2014","18:30","Property Damage Only","Struck pedestrian (On Road)",1,0,"GUNGAHLIN","(-35.218244, 149.130804)",-35.218244,149.130804,29,4,2014
1083984,"05-04-2014","14:40","Injury","Opposite direction side swipe",1,1,"CALWELL","(-35.437173, 149.110394)",-35.437173,149.110394,5,4,2014
1101050,"05-12-2014","00:10","Injury","Struck pedestrian (On Road)",1,1,"FRANKLIN","(-35.31585, 149.129397)",-35.31585,149.129397,5,12,2014
1095195,"15-09-2014","16:20","Property Damage Only","Struck pedestrian (On Road)",1,0,"CHAPMAN","(-35.356968, 149.036867)",-35.356968,149.036867,15,9,2014
1086445,"30-04-2014","07:40","Injury","Struck pedestrian (On Road)",1,1,"CANBERRA CITY","(-35.338006, 149.082905)",-35.338006,149.082905,30,4,2014
1097029,"03-09-2014","16:30","Injury","Struck pedestrian (On Road)",1,1,"BELCONNEN","(-35.242388, 149.085286)",-35.242388,149.085286,3,9,2014
1090329,"05-07-2014","22:50","Property Damage Only","Struck pedestrian (On Road)",1,0,"CANBERRA CITY","(-35.279004, 149.129151)",-35.279004,149.129151,5,7,2014
1100663,"04-12-2014","09:50","Property Damage Only","Struck pedestrian (Off Road)",1,0,"TURNER","(-35.270744, 149.131887)",-35.270744,149.131887,4,12,2014
1084203,"13-04-2014","10:30","Injury","Other - Vehicle to Vehicle",2,2,"KAMBAH","(-35.396237, 149.068896)",-35.396237,149.068896,13,4,2014
1095054,"16-08-2014","05:50","Injury","Struck pedestrian (On Road)",1,1,"CANBERRA CITY","(-35.347111, 149.099814)",-35.347111,149.099814,16,8,2014
1094984,"10-09-2014","07:50","Injury","Struck pedestrian (On Road)",1,1,"GORDON","(-35.454599, 149.089865)",-35.454599,149.089865,10,9,2014
1086268,"07-05-2014","08:05","Injury","Struck pedestrian (On Road)",1,1,"GIRALANG","(-35.209891, 149.093231)",-35.209891,149.093231,7,5,2014
1080009,"07-02-2014","15:30","Property Damage Only","Struck pedestrian (On Road)",1,0,"CURTIN","(-35.32764, 149.082414)",-35.32764,149.082414,7,2,2014
1094802,"02-09-2014","09:10","Property Damage Only","Struck pedestrian (On Road)",1,0,"FLOREY","(-35.224732, 149.043587)",-35.224732,149.043587,2,9,2014
1099468,"21-11-2014","08:20","Property Damage Only","Struck pedestrian (On Road)",1,0,"TUGGERANONG","(-35.298037, 149.129249)",-35.298037,149.129249,21,11,2014
1080015,"10-02-2014","15:20","Injury","Struck pedestrian (On Road)",1,1,"CANBERRA CITY","(-35.277124, 149.129354)",-35.277124,149.129354,10,2,2014
1091542,"26-07-2014","00:55","Property Damage Only","Struck pedestrian (On Road)",1,0,"PHILLIP","(-35.35245, 149.085457)",-35.35245,149.085457,26,7,2014
1083540,"27-03-2014","19:50","Injury","Struck pedestrian (On Road)",1,1,"GRIFFITH","(-35.314969, 149.141042)",-35.314969,149.141042,27,3,2014
1096136,"30-09-2014","10:30","Injury","Struck pedestrian (On Road)",1,1,"BELCONNEN","(-35.238335, 149.067477)",-35.238335,149.067477,30,9,2014
1100406,"03-12-2014","14:53","Property Damage Only","Struck pedestrian (On Road)",1,0,"KAMBAH","(-35.392374, 149.06867)",-35.392374,149.06867,3,12,2014
1082146,"14-03-2014","20:50","Property Damage Only","Struck pedestrian (On Road)",1,0,"CANBERRA CITY","(-35.277951, 149.132594)",-35.277951,149.132594,14,3,2014
1097673,"16-10-2014","10:20","Injury","Struck pedestrian (On Road)",1,1,"DOWNER","(-35.248265, 149.134115)",-35.248265,149.134115,16,10,2014
1098893,"05-01-2014","11:25","Injury","Struck pedestrian (On Road)",1,1,"AINSLIE","(-35.262262, 149.145279)",-35.262262,149.145279,5,1,2014
1078683,"05-01-2014","18:10","Property Damage Only","Struck pedestrian (On Road)",1,0,"DOWNER","(-35.248265, 149.134115)",-35.248265,149.134115,5,1,2014
1100463,"02-12-2014","08:20","Property Damage Only","Struck pedestrian (Off Road)",1,0,"EVATT","(-35.216872, 149.067489)",-35.216872,149.067489,2,12,2014
1080411,"17-02-2014","14:20","Property Damage Only","Struck pedestrian (Off Road)",1,0,"FYSHWICK","(-35.325769, 149.166889)",-35.325769,149.166889,17,2,2014
1101068,"18-12-2014","11:05","Injury","Struck pedestrian (Off Road)",1,1,"WANNIASSA","(-35.400006, 149.08682)",-35.400006,149.08682,18,12,2014
1101238,"24-12-2014","14:15","Injury","Struck pedestrian (On Road)",1,1,"PHILLIP","(-35.344628, 149.084684)",-35.344628,149.084684,24,12,2014
1084774,"16-04-2014","17:00","Injury","Struck pedestrian (On Road)",1,0,"BRADDON","(-35.280328, 149.128937)",-35.280328,149.128937,16,4,2014
1087660,"03-05-2014","16:38","Injury","Struck pedestrian (On Road)",1,1,"HARRISON","(-35.231865, 149.144931)",-35.231865,149.144931,3,5,2014
1096692,"09-10-2014","12:05","Injury","Struck pedestrian (Off Road)",1,0,"WATSON","(-35.236125, 149.143445)",-35.236125,149.143445,9,10,2014
1105134,"24-03-2014","15:00","Property Damage Only","Struck pedestrian (On Road)",1,0,"NICHOLLS","(-35.179959, 149.133913)",-35.179959,149.133913,24,3,2014
1130336,"06-12-2015","01:35","Injury","Struck pedestrian (On Road)",1,1,"GOWRIE","(-35.414536, 149.102303)",-35.414536,149.102303,6,12,2015
1121078,"02-10-2015","00:10","Injury","Struck pedestrian (On Road)",1,1,"BELCONNEN","(-35.41697, 149.102316)",-35.41697,149.102316,2,10,2015
1113380,"23-06-2015","08:55","Injury","Struck pedestrian (On Road)",1,1,"TUGGERANONG","(-35.423782, 149.07382)",-35.423782,149.07382,23,6,2015
1113684,"18-06-2015","07:50","Injury","Struck pedestrian (On Road)",1,1,"CANBERRA CITY","(-35.272894, 149.119504)",-35.272894,149.119504,18,6,2015
1107428,"27-03-2015","17:20","Property Damage Only","Struck pedestrian (Off Road)",2,0,"CANBERRA CITY","(-35.316617, 149.125001)",-35.316617,149.125001,27,3,2015
1108881,"25-04-2015","20:30","Property Damage Only","Struck pedestrian (On Road)",1,0,"WATSON","(-35.248588, 149.137468)",-35.248588,149.137468,25,4,2015
1107693,"21-03-2015","13:50","Property Damage Only","Struck pedestrian (On Road)",1,0,"CANBERRA CITY","(-35.275864, 149.130507)",-35.275864,149.130507,21,3,2015
1118896,"22-05-2015","12:30","Injury","Struck pedestrian (On Road)",1,1,"FYSHWICK","(-35.328325, 149.177771)",-35.328325,149.177771,22,5,2015
1114831,"10-07-2015","09:55","Injury","Struck pedestrian (Off Road)",1,1,"MAJURA","(-35.302513, 149.169366)",-35.302513,149.169366,10,7,2015
1122800,"31-10-2015","00:50","Property Damage Only","Struck pedestrian (On Road)",1,0,"AMAROO","(-35.172973, 149.12335)",-35.172973,149.12335,31,10,2015
1110354,"14-05-2015","08:30","Injury","Struck pedestrian (On Road)",1,1,"CANBERRA CITY","(-35.305867, 149.133111)",-35.305867,149.133111,14,5,2015
1108346,"09-04-2015","08:45","Property Damage Only","Struck pedestrian (On Road)",1,0,"CANBERRA CITY","(-35.275659, 149.128623)",-35.275659,149.128623,9,4,2015
1112093,"29-05-2015","08:40","Property Damage Only","Struck pedestrian (On Road)",1,0,"CANBERRA CITY","(-35.276713, 149.13408)",-35.276713,149.13408,29,5,2015
1108955,"24-04-2015","07:40","Injury","Struck pedestrian (On Road)",1,1,"TURNER","(-35.260511, 149.132038)",-35.260511,149.132038,24,4,2015
1105729,"24-02-2015","12:25","Property Damage Only","Struck pedestrian (Off Road)",1,0,"CANBERRA CITY","(-35.278691, 149.134132)",-35.278691,149.134132,24,2,2015
1112998,"01-06-2015","13:10","Injury","Struck pedestrian (On Road)",1,1,"CANBERRA CITY","(-35.277666, 149.129367)",-35.277666,149.129367,1,6,2015
1123998,"24-11-2015","10:25","Injury","Struck pedestrian (On Road)",1,1,"CANBERRA CITY","(-35.249437, 149.133926)",-35.249437,149.133926,24,11,2015
1114827,"09-07-2015","13:15","Injury","Struck pedestrian (On Road)",1,1,"PHILLIP","(-35.348789, 149.084257)",-35.348789,149.084257,9,7,2015
1130662,"14-04-2015","11:39","Property Damage Only","Struck pedestrian (On Road)",1,0,"WATSON","(-35.238927, 149.15364)",-35.238927,149.15364,14,4,2015
1121518,"31-08-2015","20:10","Injury","Struck pedestrian (On Road)",1,1,"CANBERRA CITY","(-35.278106, 149.132745)",-35.278106,149.132745,31,8,2015
1123683,"17-11-2015","22:42","Injury","Struck pedestrian (On Road)",1,1,"CANBERRA CITY","(-35.266242, 149.131212)",-35.266242,149.131212,17,11,2015
1112981,"25-04-2015","23:50","Injury","Struck pedestrian (On Road)",1,1,"CANBERRA CITY","(-35.248111, 149.134121)",-35.248111,149.134121,25,4,2015
1122138,"26-10-2015","16:45","Injury","Struck pedestrian (Off Road)",1,1,"AMAROO","(-35.285084, 149.138315)",-35.285084,149.138315,26,10,2015
1111676,"28-05-2015","22:00","Injury","Struck pedestrian (On Road)",1,1,"CHARNWOOD ","(-35.204811, 149.037593)",-35.204811,149.037593,28,5,2015
1102211,"09-01-2015","10:15","Property Damage Only","Struck pedestrian (On Road)",1,0,"CANBERRA CITY","(-35.277541, 149.131012)",-35.277541,149.131012,9,1,2015
1112983,"08-05-2015","09:08","Injury","Struck pedestrian (On Road)",1,1,"LYNEHAM","(-35.251237, 149.124908)",-35.251237,149.124908,8,5,2015
1111509,"16-04-2015","13:30","Injury","Struck pedestrian (On Road)",1,1,"LYNEHAM","(-35.244939, 149.123398)",-35.244939,149.123398,16,4,2015
1114863,"14-07-2015","13:15","Injury","Struck pedestrian (Off Road)",1,1,"PALMERSTON","(-35.2343, 149.04684)",-35.2343,149.04684,14,7,2015
1108347,"15-04-2015","08:15","Property Damage Only","Struck pedestrian (On Road)",1,0,"CANBERRA CITY","(-35.27558, 149.127891)",-35.27558,149.127891,15,4,2015
1112989,"22-05-2015","18:14","Injury","Struck pedestrian (On Road)",1,1,"WODEN","(-35.334435, 149.135552)",-35.334435,149.135552,22,5,2015
1130908,"12-12-2015","02:59","Property Damage Only","Struck pedestrian (On Road)",1,0,"CANBERRA CITY","(-35.27986, 149.130647)",-35.27986,149.130647,12,12,2015
1103819,"31-01-2015","23:15","Property Damage Only","Struck pedestrian (On Road)",1,0,"CANBERRA CITY","(-35.279585, 149.129057)",-35.279585,149.129057,31,1,2015
1102083,"01-01-2015","00:30","Injury","Struck pedestrian (On Road)",2,2,"CANBERRA CITY","(-35.279585, 149.129057)",-35.279585,149.129057,1,1,2015
1124639,"02-12-2015","01:20","Property Damage Only","Struck pedestrian (On Road)",1,0,"GORDON","(-35.449299, 149.088308)",-35.449299,149.088308,2,12,2015
1107675,"19-03-2015","22:00","Property Damage Only","Struck pedestrian (On Road)",1,0,"WODEN","(-35.260367, 149.130716)",-35.260367,149.130716,19,3,2015
1130540,"06-03-2015","19:54","Property Damage Only","Struck pedestrian (On Road)",1,0,"YARRALUMLA","(-35.326448, 149.087217)",-35.326448,149.087217,6,3,2015
1125659,"11-12-2015","16:00","Injury","Struck pedestrian (On Road)",1,1,"CANBERRA CITY","(-35.281949, 149.132069)",-35.281949,149.132069,11,12,2015
1102904,"25-01-2015","04:10","Injury","Struck pedestrian (On Road)",1,1,"WODEN","(-35.344608, 149.099006)",-35.344608,149.099006,25,1,2015
1130100,"17-11-2015","14:40","Injury","Collision with parked vehicle",1,1,"CANBERRA CITY","(-35.278775, 149.133145)",-35.278775,149.133145,17,11,2015
1104572,"19-02-2015","09:10","Injury","Struck pedestrian (Off Road)",1,1,"CANBERRA CITY","(-35.288107, 149.139176)",-35.288107,149.139176,19,2,2015
1136951,"06-01-2015","14:00","Injury","Struck pedestrian (Off Road)",1,1,"CANBERRA CITY","(-35.277787, 149.13075)",-35.277787,149.13075,6,1,2015
1111844,"24-05-2015","21:20","Injury","Struck pedestrian (On Road)",1,1,"CHARNWOOD ","(-35.20222, 149.031468)",-35.20222,149.031468,24,5,2015
1130246,"30-07-2015","08:50","Injury","Struck pedestrian (On Road)",1,1,"HOLT","(-35.228336, 149.020879)",-35.228336,149.020879,30,7,2015
1121615,"30-09-2015","16:45","Injury","Struck pedestrian (On Road)",1,1,"CANBERRA CITY","(-35.240594, 149.136989)",-35.240594,149.136989,30,9,2015
1125334,"20-11-2015","11:15","Property Damage Only","Struck pedestrian (On Road)",1,0,"MAJURA","(-35.29739, 149.186962)",-35.29739,149.186962,20,11,2015
1130243,"17-01-2015","02:00","Property Damage Only","Struck pedestrian (On Road)",1,0,"CANBERRA CITY","(-35.277633, 149.131851)",-35.277633,149.131851,17,1,2015
1119120,"12-09-2015","02:30","Injury","Struck pedestrian (On Road)",1,1,"CANBERRA CITY","(-35.279713, 149.130219)",-35.279713,149.130219,12,9,2015
1117117,"07-08-2015","17:15","Injury","Struck pedestrian (On Road)",1,1,"CANBERRA CITY","(-35.277014, 149.126549)",-35.277014,149.126549,7,8,2015
1122956,"16-10-2015","14:40","Injury","Struck pedestrian (On Road)",1,1,"CANBERRA CITY","(-35.275607, 149.1297)",-35.275607,149.1297,16,10,2015
1130092,"15-04-2015","15:30","Property Damage Only","Struck pedestrian (On Road)",1,0,"BRADDON","(-35.278296, 149.130667)",-35.278296,149.130667,15,4,2015
1119969,"22-09-2015","16:00","Injury","Struck pedestrian (On Road)",1,1,"ACTON","(-35.281751, 149.123662)",-35.281751,149.123662,22,9,2015
1123391,"13-11-2015","15:15","Property Damage Only","Struck pedestrian (On Road)",1,0,"BRUCE","(-35.242254, 149.089359)",-35.242254,149.089359,13,11,2015
1130524,"29-01-2015","16:54","Injury","Struck pedestrian (On Road)",1,1,"RED HILL","(-35.33198, 149.128362)",-35.33198,149.128362,29,1,2015
1127724,"23-08-2015","11:30","Property Damage Only","Struck pedestrian (Off Road)",1,0,"CONDER","(-35.454008, 149.097555)",-35.454008,149.097555,23,8,2015
1130528,"09-02-2015","16:08","Property Damage Only","Struck pedestrian (On Road)",1,0,"CANBERRA CITY","(-35.277135, 149.129453)",-35.277135,149.129453,9,2,2015
1113578,"21-06-2015","01:45","Injury","Struck pedestrian (On Road)",1,1,"CANBERRA CITY","(-35.279774, 149.130474)",-35.279774,149.130474,21,6,2015
1113005,"04-06-2015","21:20","Injury","Struck pedestrian (On Road)",1,1,"HOLT","(-35.222097, 149.015606)",-35.222097,149.015606,4,6,2015
1130648,"14-03-2015","11:38","Property Damage Only","Struck pedestrian (On Road)",1,0,"O'CONNOR","(-35.443581, 149.112317)",-35.443581,149.112317,14,3,2015
1114525,"30-05-2015","14:55","Injury","Struck pedestrian (On Road)",1,1,"BRUCE","(-35.245717, 149.095277)",-35.245717,149.095277,30,5,2015
1108216,"28-03-2015","09:00","Property Damage Only","Struck pedestrian (On Road)",1,0,"CHARNWOOD ","(-35.199627, 149.034406)",-35.199627,149.034406,28,3,2015
1104731,"09-01-2015","15:10","Injury","Struck pedestrian (On Road)",1,1,"CONDER","(-35.464535, 149.106279)",-35.464535,149.106279,9,1,2015
1121520,"24-09-2015","08:40","Injury","Struck pedestrian (Off Road)",1,1,"GRIFFITH","(-35.329583, 149.123745)",-35.329583,149.123745,24,9,2015
1120227,"29-09-2015","18:50","Injury","Struck pedestrian (On Road)",1,1,"BRADDON","(-35.277449, 149.134532)",-35.277449,149.134532,29,9,2015
1152674,"05-09-2016","10:29","Injury","Struck pedestrian (Off Road)",1,1,"RED HILL","(-35.342443, 149.12875)",-35.342443,149.12875,5,9,2016
1154362,"17-12-2016","22:30","Injury","Struck pedestrian (Off Road)",1,1,"SPENCE","(-35.19682, 149.070014)",-35.19682,149.070014,17,12,2016
1154361,"17-12-2016","18:00","Injury","Struck pedestrian (Off Road)",1,1,"FLOREY","(-35.225538, 149.048216)",-35.225538,149.048216,17,12,2016
1135099,"21-05-2016","02:00","Injury","Struck pedestrian (On Road)",1,1,"FORDE","(-35.379485, 149.054824)",-35.379485,149.054824,21,5,2016
1142102,"18-08-2016","10:30","Injury","Struck pedestrian (On Road)",1,1,"GOWRIE","(-35.413089, 149.121525)",-35.413089,149.121525,18,8,2016
1132069,"31-03-2016","17:20","Injury","Struck pedestrian (On Road)",1,1,"FORDE","(-35.415202, 149.130706)",-35.415202,149.130706,31,3,2016
1139608,"11-05-2016","12:05","Property Damage Only","Struck pedestrian (On Road)",1,0,"CURTIN","(-35.325801, 149.082858)",-35.325801,149.082858,11,5,2016
1133758,"25-04-2016","16:20","Injury","Struck pedestrian (On Road)",1,1,"CANBERRA CITY","(-35.320101, 149.137845)",-35.320101,149.137845,25,4,2016
1135036,"22-05-2016","11:45","Property Damage Only","Struck pedestrian (On Road)",1,0,"CHARNWOOD ","(-35.205046, 149.034005)",-35.205046,149.034005,22,5,2016
1143573,"09-09-2016","16:30","Injury","Struck pedestrian (On Road)",1,1,"CASEY","(-35.175197, 149.090539)",-35.175197,149.090539,9,9,2016
1149756,"14-10-2016","15:35","Property Damage Only","Struck pedestrian (On Road)",1,0,"BRUCE","(-35.245794, 149.091004)",-35.245794,149.091004,14,10,2016
1132854,"15-04-2016","18:00","Property Damage Only","Struck pedestrian (On Road)",1,0,"CANBERRA CITY","(-35.278018, 149.132666)",-35.278018,149.132666,15,4,2016
1153626,"15-09-2016","12:26","Property Damage Only","Struck pedestrian (On Road)",1,0,"FORDE","(-35.220495, 149.017773)",-35.220495,149.017773,15,9,2016
1142179,"11-08-2016","09:30","Property Damage Only","Struck pedestrian (On Road)",1,0,"GUNGAHLIN","(-35.186149, 149.138564)",-35.186149,149.138564,11,8,2016
1146614,"18-10-2016","17:33","Property Damage Only","Struck pedestrian (On Road)",1,0,"CANBERRA CITY","(-35.278412, 149.126316)",-35.278412,149.126316,18,10,2016
1137078,"16-06-2016","19:10","Injury","Struck pedestrian (On Road)",1,1,"TUGGERANONG","(-35.373888, 149.056862)",-35.373888,149.056862,16,6,2016
1148997,"05-12-2016","08:59","Injury","Struck pedestrian (On Road)",1,1,"HARRISON","(-35.195951, 149.152383)",-35.195951,149.152383,5,12,2016
1141984,"10-08-2016","18:15","Property Damage Only","Struck pedestrian (On Road)",1,0,"WODEN","(-35.363657, 149.092449)",-35.363657,149.092449,10,8,2016
1132568,"11-04-2016","15:40","Injury","Struck pedestrian (On Road)",1,1,"CANBERRA CITY","(-35.428445, 149.087345)",-35.428445,149.087345,11,4,2016
1145323,"30-09-2016","15:00","Property Damage Only","Struck pedestrian (On Road)",1,0,"ISABELLA PLAINS","(-35.432263, 149.093415)",-35.432263,149.093415,30,9,2016
1128157,"27-01-2016","10:45","Injury","Struck pedestrian (On Road)",1,1,"KINGSTON","(-35.313696, 149.146778)",-35.313696,149.146778,27,1,2016
1130259,"28-02-2016","05:10","Injury","Struck pedestrian (On Road)",1,1,"AINSLIE","(-35.279195, 149.135963)",-35.279195,149.135963,28,2,2016
1131468,"29-03-2016","23:00","Property Damage Only","Struck pedestrian (On Road)",1,0,"HUME","(-35.405938, 149.150021)",-35.405938,149.150021,29,3,2016
1130250,"13-02-2016","22:20","Injury","Struck pedestrian (On Road)",1,1,"WATSON","(-35.242282, 149.158411)",-35.242282,149.158411,13,2,2016
1145550,"16-10-2016","09:22","Property Damage Only","Struck pedestrian (Off Road)",1,0,"PHILLIP","(-35.348075, 149.085474)",-35.348075,149.085474,16,10,2016
1141622,"26-07-2016","08:37","Injury","Struck pedestrian (On Road)",1,1,"HOLT","(-35.224469, 149.020743)",-35.224469,149.020743,26,7,2016
1149653,"08-11-2016","09:30","Injury","Other - Vehicle to Vehicle",1,1,"CHISHOLM","(-35.42338, 149.12377)",-35.42338,149.12377,8,11,2016
1147857,"19-11-2016","20:00","Property Damage Only","Struck pedestrian (Off Road)",1,0,"GUNGAHLIN","(-35.198377, 149.122177)",-35.198377,149.122177,19,11,2016
1146809,"30-10-2016","00:30","Injury","Struck pedestrian (On Road)",1,1,"WESTON","(-35.340965, 149.053431)",-35.340965,149.053431,30,10,2016
1136105,"04-06-2016","17:40","Injury","Struck pedestrian (On Road)",1,1,"FRANKLIN","(-35.193734, 149.150904)",-35.193734,149.150904,4,6,2016
1137433,"08-06-2016","08:35","Property Damage Only","Struck pedestrian (On Road)",1,0,"BELCONNEN","(-35.235828, 149.057992)",-35.235828,149.057992,8,6,2016
1127948,"26-01-2016","22:10","Injury","Struck pedestrian (On Road)",1,1,"BELCONNEN","(-35.238182, 149.071064)",-35.238182,149.071064,26,1,2016
1133356,"10-04-2016","19:00","Injury","Struck pedestrian (On Road)",1,1,"FARRER","(-35.376789, 149.109133)",-35.376789,149.109133,10,4,2016
1145541,"12-10-2016","08:45","Injury","Struck pedestrian (On Road)",1,1,"WODEN","(-35.414007, 149.068077)",-35.414007,149.068077,12,10,2016
1133760,"26-04-2016","15:50","Injury","Struck pedestrian (On Road)",1,1,"WODEN","(-35.343073, 149.087871)",-35.343073,149.087871,26,4,2016
1139654,"21-07-2016","18:04","Injury","Struck pedestrian (On Road)",1,1,"WODEN","(-35.172903, 149.122918)",-35.172903,149.122918,21,7,2016
1139659,"22-07-2016","08:20","Property Damage Only","Struck pedestrian (On Road)",1,0,"GARRAN","(-35.419917, 149.065536)",-35.419917,149.065536,22,7,2016
1128162,"28-01-2016","06:00","Injury","Struck pedestrian (On Road)",1,1,"WODEN","(-35.213605, 149.0532)",-35.213605,149.0532,28,1,2016
1144828,"21-09-2016","15:00","Property Damage Only","Struck pedestrian (On Road)",1,0,"PEARCE","(-35.362897, 149.087981)",-35.362897,149.087981,21,9,2016
1147585,"03-11-2016","15:10","Property Damage Only","Struck pedestrian (On Road)",1,0,"O'CONNOR","(-35.256605, 149.125613)",-35.256605,149.125613,3,11,2016
1155345,"10-11-2016","13:47","Property Damage Only","Struck pedestrian (On Road)",1,0,"FRANKLIN","(-35.187071, 149.143929)",-35.187071,149.143929,10,11,2016
1131082,"22-03-2016","20:56","Injury","Struck pedestrian (On Road)",1,1,"KAMBAH","(-35.38437, 149.065661)",-35.38437,149.065661,22,3,2016
1141453,"15-08-2016","08:25","Injury","Struck pedestrian (On Road)",1,1,"WODEN","(-35.339932, 149.082363)",-35.339932,149.082363,15,8,2016
1143322,"09-09-2016","18:30","Injury","Struck pedestrian (On Road)",1,1,"NICHOLLS","(-35.184465, 149.084288)",-35.184465,149.084288,9,9,2016
1136705,"09-06-2016","18:00","Injury","Struck pedestrian (On Road)",1,1,"GUNGAHLIN","(-35.185095, 149.132351)",-35.185095,149.132351,9,6,2016
1143666,"12-09-2016","15:00","Injury","Struck pedestrian (On Road)",1,1,"WESTON","(-35.341435, 149.052288)",-35.341435,149.052288,12,9,2016
1134437,"06-05-2016","12:38","Injury","Struck pedestrian (On Road)",1,1,"CANBERRA CITY","(-35.277406, 149.130811)",-35.277406,149.130811,6,5,2016
1136085,"28-05-2016","15:30","Fatal","Struck pedestrian (Off Road)",1,1,"NGUNNAWAL","(-35.173746, 149.110551)",-35.173746,149.110551,28,5,2016
1135496,"20-05-2016","17:00","Injury","Struck pedestrian (On Road)",1,1,"PHILLIP","(-35.348944, 149.088871)",-35.348944,149.088871,20,5,2016
1141527,"04-08-2016","09:25","Property Damage Only","Struck pedestrian (On Road)",1,0,"GUNGAHLIN","(-35.184858, 149.130785)",-35.184858,149.130785,4,8,2016
1152328,"12-12-2016","08:15","Property Damage Only","Struck pedestrian (On Road)",1,0,"CHISHOLM","(-35.419552, 149.116856)",-35.419552,149.116856,12,12,2016
1143571,"09-09-2016","15:28","Injury","Struck pedestrian (On Road)",1,1,"BELCONNEN","(-35.238169, 149.067477)",-35.238169,149.067477,9,9,2016
1128443,"14-01-2016","14:50","Injury","Struck pedestrian (On Road)",1,1,"CANBERRA CITY","(-35.279355, 149.127692)",-35.279355,149.127692,14,1,2016
1149369,"08-12-2016","19:30","Injury","Struck pedestrian (On Road)",1,1,"GREENWAY","(-35.415914, 149.064016)",-35.415914,149.064016,8,12,2016
1149546,"12-12-2016","17:45","Injury","Right turn into oncoming vehicle",1,1,"BELCONNEN","(-35.243, 149.073687)",-35.243,149.073687,12,12,2016
1144495,"13-09-2016","10:10","Injury","Struck pedestrian (On Road)",1,1,"CANBERRA CITY","(-35.277113, 149.129254)",-35.277113,149.129254,13,9,2016
1129937,"11-01-2016","17:35","Injury","Struck pedestrian (On Road)",1,1,"O'CONNOR","(-35.259572, 149.123401)",-35.259572,149.123401,11,1,2016
1129178,"24-02-2016","16:20","Injury","Struck pedestrian (On Road)",1,1,"CANBERRA CITY","(-35.278067, 149.126379)",-35.278067,149.126379,24,2,2016
1145041,"07-10-2016","08:45","Injury","Struck pedestrian (On Road)",1,1,"GREENWAY","(-35.354768, 149.091489)",-35.354768,149.091489,7,10,2016
1150667,"26-12-2016","17:25","Injury","Struck pedestrian (On Road)",1,1,"PHILLIP","(-35.348621, 149.105789)",-35.348621,149.105789,26,12,2016
1138255,"30-06-2016","12:50","Property Damage Only","Struck pedestrian (On Road)",1,0,"CANBERRA CITY","(-35.278534, 149.130342)",-35.278534,149.130342,30,6,2016
1147477,"01-11-2016","12:45","Property Damage Only","Struck pedestrian (On Road)",1,0,"GRIFFITH","(-35.314994, 149.140979)",-35.314994,149.140979,1,11,2016
1132759,"16-04-2016","18:42","Property Damage Only","Struck pedestrian (On Road)",1,0,"BELCONNEN","(-35.238953, 149.070307)",-35.238953,149.070307,16,4,2016
1146187,"12-10-2016","16:40","Property Damage Only","Struck pedestrian (Off Road)",1,0,"WANNIASSA","(-35.406792, 149.079122)",-35.406792,149.079122,12,10,2016
1136873,"27-05-2016","17:35","Property Damage Only","Struck pedestrian (On Road)",1,0,"BRADDON","(-35.270316, 149.130454)",-35.270316,149.130454,27,5,2016
1152106,"23-01-2017","16:00","Injury","Struck pedestrian (On Road)",1,1,"FORDE","(-35.23191, 149.054575)",-35.23191,149.054575,23,1,2017
1162345,"23-05-2017","18:45","Injury","Struck pedestrian (On Road)",1,1,"FRANKLIN","(-35.320601, 149.134962)",-35.320601,149.134962,23,5,2017
1154539,"03-03-2017","16:23","Injury","Struck pedestrian (On Road)",1,1,"CANBERRA CITY","(-35.275373, 149.125049)",-35.275373,149.125049,3,3,2017
1155513,"15-02-2017","22:55","Property Damage Only","Struck pedestrian (On Road)",1,0,"MACQUARIE","(-35.24957, 149.070075)",-35.24957,149.070075,15,2,2017
1153425,"18-02-2017","15:51","Injury","Struck pedestrian (Off Road)",1,1,"CHISHOLM","(-35.420837, 149.129395)",-35.420837,149.129395,18,2,2017
1155516,"27-02-2017","16:10","Injury","Struck pedestrian (On Road)",1,1,"BELCONNEN","(-35.253846, 149.085583)",-35.253846,149.085583,27,2,2017
1153629,"15-01-2017","20:30","Injury","Struck pedestrian (On Road)",1,1,"BRADDON","(-35.273588, 149.14256)",-35.273588,149.14256,15,1,2017
1157002,"11-03-2017","14:50","Injury","Struck pedestrian (On Road)",1,1,"BRUCE","(-35.164537, 149.109157)",-35.164537,149.109157,11,3,2017
1158943,"01-03-2017","16:40","Injury","Struck pedestrian (On Road)",2,2,"BRUCE","(-35.253107, 149.090986)",-35.253107,149.090986,1,3,2017
1160756,"10-05-2017","15:33","Property Damage Only","Struck pedestrian (On Road)",1,0,"CANBERRA CITY","(-35.340758, 149.084671)",-35.340758,149.084671,10,5,2017
1160670,"19-05-2017","18:10","Injury","Struck pedestrian (On Road)",1,1,"CANBERRA CITY","(-35.283469, 149.124506)",-35.283469,149.124506,19,5,2017
1162039,"27-05-2017","22:23","Property Damage Only","Struck pedestrian (On Road)",1,0,"CANBERRA CITY","(-35.279596, 149.129155)",-35.279596,149.129155,27,5,2017
1164409,"06-07-2017","13:40","Injury","Struck pedestrian (Off Road)",1,1,"HAWKER","(-35.243069, 149.038354)",-35.243069,149.038354,6,7,2017
1164861,"25-07-2017","10:30","Property Damage Only","Struck pedestrian (On Road)",1,0,"GOWRIE","(-35.413711, 149.109821)",-35.413711,149.109821,25,7,2017
1164752,"17-07-2017","17:40","Injury","Struck pedestrian (On Road)",1,1,"BELCONNEN","(-35.242985, 149.071007)",-35.242985,149.071007,17,7,2017
1165055,"02-08-2017","09:00","Property Damage Only","Struck pedestrian (On Road)",1,0,"WODEN","(-35.343624, 149.087883)",-35.343624,149.087883,2,8,2017
1165053,"01-08-2017","07:30","Injury","Struck pedestrian (On Road)",1,1,"BELCONNEN","(-35.237065, 149.031857)",-35.237065,149.031857,1,8,2017
1166143,"10-08-2017","15:50","Property Damage Only","Struck pedestrian (On Road)",1,0,"GRIFFITH","(-35.329922, 149.128388)",-35.329922,149.128388,10,8,2017
1165998,"03-08-2017","22:30","Injury","Struck pedestrian (Off Road)",1,1,"CURTIN","(-35.3229, 149.076065)",-35.3229,149.076065,3,8,2017
1167532,"01-09-2017","08:55","Injury","Struck pedestrian (On Road)",1,1,"HACKETT","(-35.248525, 149.136898)",-35.248525,149.136898,1,9,2017
1168225,"12-09-2017","18:30","Property Damage Only","Struck pedestrian (On Road)",1,0,"PHILLIP","(-35.243002, 149.068733)",-35.243002,149.068733,12,9,2017
1169376,"28-09-2017","17:00","Injury","Struck pedestrian (Off Road)",1,1,"CANBERRA CITY","(-35.250945, 149.139809)",-35.250945,149.139809,28,9,2017
1169588,"29-09-2017","18:45","Injury","Struck pedestrian (On Road)",1,1,"CANBERRA CITY","(-35.278509, 149.130633)",-35.278509,149.130633,29,9,2017
1153287,"06-01-2017","13:00","Property Damage Only","Struck pedestrian (On Road)",1,0,"WODEN","(-35.415367, 149.0745)",-35.415367,149.0745,6,1,2017
1167662,"12-07-2017","15:10","Injury","Struck pedestrian (On Road)",1,1,"BELCONNEN","(-35.239932, 149.06637)",-35.239932,149.06637,12,7,2017
1169739,"04-10-2017","08:45","Injury","Struck pedestrian (On Road)",1,1,"KINGSTON","(-35.275589, 149.1283)",-35.275589,149.1283,4,10,2017
1170178,"25-08-2017","15:09","Property Damage Only","Struck pedestrian (On Road)",1,0,"LYONS","(-35.349465, 149.084402)",-35.349465,149.084402,25,8,2017
1170770,"24-10-2017","12:55","Injury","Struck pedestrian (On Road)",1,1,"CASEY","(-35.277379, 149.125339)",-35.277379,149.125339,24,10,2017
1171421,"31-10-2017","17:30","Injury","Struck pedestrian (Off Road)",1,1,"CANBERRA CITY","(-35.405135, 149.101108)",-35.405135,149.101108,31,10,2017
1171675,"06-11-2017","09:20","Injury","Struck pedestrian (On Road)",1,1,"KINGSTON","(-35.316297, 149.142188)",-35.316297,149.142188,6,11,2017
1172023,"08-11-2017","07:40","Injury","Struck pedestrian (On Road)",1,1,"DEAKIN","(-35.3223, 149.098876)",-35.3223,149.098876,8,11,2017
1172928,"23-11-2017","12:00","Property Damage Only","Struck pedestrian (On Road)",1,0,"KINGSTON","(-35.314533, 149.145921)",-35.314533,149.145921,23,11,2017
1173135,"22-11-2017","21:00","Injury","Struck pedestrian (On Road)",1,1,"HOLT","(-35.425916, 149.131994)",-35.425916,149.131994,22,11,2017
1174151,"08-12-2017","08:45","Injury","Struck pedestrian (On Road)",1,1,"CHISHOLM","(-35.275606, 149.128132)",-35.275606,149.128132,8,12,2017
1164056,"04-06-2017","06:55","Injury","Struck pedestrian (Off Road)",1,1,"YARRALUMLA","(-35.299954, 149.112149)",-35.299954,149.112149,4,6,2017
1176174,"27-11-2017","09:10","Injury","Struck pedestrian (On Road)",1,1,"FYSHWICK","(-35.329429, 149.173601)",-35.329429,149.173601,27,11,2017
1175736,"28-10-2017","11:15","Injury","Struck pedestrian (On Road)",1,1,"FORDE","(-35.387792, 149.050746)",-35.387792,149.050746,28,10,2017
1182053,"19-04-2017","08:30","Property Damage Only","Struck pedestrian (On Road)",2,0,"WODEN","(-35.364266, 149.095318)",-35.364266,149.095318,19,4,2017
1172898,"09-11-2017","07:35","Injury","Struck pedestrian (On Road)",1,1,"KAMBAH","(-35.379904, 149.076731)",-35.379904,149.076731,9,11,2017
1182054,"04-05-2017","15:30","Injury","Struck pedestrian (On Road)",1,1,"ISABELLA PLAINS","(-35.425209, 149.090418)",-35.425209,149.090418,4,5,2017
1166819,"31-07-2017","12:10","Injury","Struck pedestrian (Off Road)",1,1,"GARRAN","(-35.335683, 149.111892)",-35.335683,149.111892,31,7,2017
1182827,"20-12-2017","21:40","Injury","Struck pedestrian (On Road)",1,1,"TUGGERANONG","(-35.45133, 149.091331)",-35.45133,149.091331,20,12,2017
1183305,"24-08-2017","19:00","Injury","Struck pedestrian (On Road)",1,1,"AINSLIE","(-35.276642, 149.14252)",-35.276642,149.14252,24,8,2017
1183844,"30-04-2017","09:40","Injury","Struck pedestrian (On Road)",1,1,"BRADDON","(-35.346002, 149.087066)",-35.346002,149.087066,30,4,2017
1158225,"14-04-2017","05:50","Injury","Struck pedestrian (Off Road)",1,1,"AINSLIE","(-35.281343, 149.131597)",-35.281343,149.131597,14,4,2017
1168364,"17-09-2017","01:35","Property Damage Only","Struck pedestrian (On Road)",1,0,"GUNGAHLIN","(-35.237583, 149.114092)",-35.237583,149.114092,17,9,2017
1153289,"16-01-2017","08:20","Injury","Struck pedestrian (On Road)",1,1,"TURNER","(-35.257777, 149.132579)",-35.257777,149.132579,16,1,2017
1164837,"21-07-2017","13:10","Property Damage Only","Struck pedestrian (On Road)",1,0,"CANBERRA CITY","(-35.278834, 149.13058)",-35.278834,149.13058,21,7,2017
1173555,"26-11-2017","13:50","Injury","Struck pedestrian (On Road)",1,1,"TURNER","(-35.266172, 149.123134)",-35.266172,149.123134,26,11,2017
1152348,"06-02-2017","08:30","Property Damage Only","Struck pedestrian (On Road)",1,0,"FORREST","(-35.318557, 149.132896)",-35.318557,149.132896,6,2,2017
1159268,"04-05-2017","07:38","Injury","Struck pedestrian (On Road)",1,1,"TURNER","(-35.275659, 149.128623)",-35.275659,149.128623,4,5,2017
1166728,"22-08-2017","12:20","Injury","Struck pedestrian (On Road)",1,1,"CANBERRA CITY","(-35.2795, 149.130473)",-35.2795,149.130473,22,8,2017
1175260,"29-11-2017","16:30","Injury","Other - Vehicle to Vehicle",1,1,"TUGGERANONG","(-35.27732, 149.08692)",-35.27732,149.08692,29,11,2017
1157245,"23-03-2017","17:50","Injury","Struck pedestrian (On Road)",1,1,"O'CONNOR","(-35.264235, 149.121875)",-35.264235,149.121875,23,3,2017
1175553,"31-12-2017","16:00","Injury","Struck pedestrian (On Road)",1,1,"CURTIN","(-35.325722, 149.082685)",-35.325722,149.082685,31,12,2017
1174237,"03-12-2017","12:30","Property Damage Only","Struck pedestrian (On Road)",1,0,"BELCONNEN","(-35.24511, 149.064683)",-35.24511,149.064683,3,12,2017
1213554,"08-04-2018","02:30","Injury","Struck pedestrian (On Road)",1,1,"BELCONNEN","(-35.261104, 149.108905)",-35.261104,149.108905,8,4,2018
1196873,"14-11-2018","08:30","Property Damage Only","Struck pedestrian (On Road)",1,0,"WODEN","(-35.343459, 149.087963)",-35.343459,149.087963,14,11,2018
1196096,"15-11-2018","18:30","Property Damage Only","Struck pedestrian (Off Road)",1,0,"FORDE","(-35.220794, 149.105695)",-35.220794,149.105695,15,11,2018
1179648,"15-03-2018","11:45","Injury","Struck pedestrian (On Road)",1,1,"CASEY","(-35.156277, 149.113559)",-35.156277,149.113559,15,3,2018
1177656,"16-02-2018","07:45","Injury","Struck pedestrian (On Road)",1,1,"WODEN","(-35.427913, 149.08407)",-35.427913,149.08407,16,2,2018
1175554,"01-01-2018","23:15","Property Damage Only","Struck pedestrian (On Road)",1,0,"FLOREY","(-35.236188, 149.041874)",-35.236188,149.041874,1,1,2018
1176378,"18-01-2018","09:25","Property Damage Only","Struck pedestrian (Off Road)",1,0,"WODEN","(-35.366357, 149.112882)",-35.366357,149.112882,18,1,2018
1176377,"17-01-2018","11:05","Injury","Struck pedestrian (On Road)",1,1,"GUNGAHLIN","(-35.197628, 149.118419)",-35.197628,149.118419,17,1,2018
1214890,"17-02-2018","20:00","Property Damage Only","Struck pedestrian (On Road)",1,0,"CANBERRA CITY","(-35.277617, 149.13171)",-35.277617,149.13171,17,2,2018
1176111,"16-01-2018","12:30","Property Damage Only","Struck pedestrian (On Road)",1,0,"CAMPBELL","(-35.30054, 149.168274)",-35.30054,149.168274,16,1,2018
1177028,"06-02-2018","18:00","Injury","Struck pedestrian (On Road)",1,1,"BRUCE","(-35.24886, 149.09038)",-35.24886,149.09038,6,2,2018
1177239,"07-02-2018","16:30","Injury","Struck pedestrian (On Road)",1,1,"CANBERRA CITY","(-35.274547, 149.132574)",-35.274547,149.132574,7,2,2018
1178553,"02-03-2018","19:15","Injury","Struck pedestrian (On Road)",1,1,"HACKETT","(-35.246944, 149.164037)",-35.246944,149.164037,2,3,2018
1178704,"04-03-2018","12:25","Property Damage Only","Struck pedestrian (On Road)",1,0,"AINSLIE","(-35.262358, 149.145263)",-35.262358,149.145263,4,3,2018
1179254,"09-03-2018","13:30","Injury","Struck pedestrian (On Road)",1,1,"BELCONNEN","(-35.247267, 149.068498)",-35.247267,149.068498,9,3,2018
1179889,"03-03-2018","14:00","Injury","Struck pedestrian (On Road)",1,1,"FYSHWICK","(-35.325909, 149.172848)",-35.325909,149.172848,3,3,2018
1181154,"26-03-2018","16:45","Injury","Struck pedestrian (On Road)",1,1,"TUGGERANONG","(-35.414494, 149.066802)",-35.414494,149.066802,26,3,2018
1193575,"04-10-2018","12:20","Injury","Struck pedestrian (On Road)",1,1,"WANNIASSA","(-35.412738, 149.083763)",-35.412738,149.083763,4,10,2018
1193562,"25-09-2018","12:00","Injury","Struck pedestrian (On Road)",1,1,"PHILLIP","(-35.347944, 149.084695)",-35.347944,149.084695,25,9,2018
1194546,"18-10-2018","19:10","Injury","Struck pedestrian (On Road)",1,1,"CANBERRA CITY","(-35.315556, 149.140357)",-35.315556,149.140357,18,10,2018
1194734,"26-10-2018","08:04","Injury","Struck pedestrian (On Road)",1,1,"FLOREY","(-35.224068, 149.043193)",-35.224068,149.043193,26,10,2018
1195199,"02-11-2018","18:30","Injury","Struck pedestrian (On Road)",1,1,"BELCONNEN","(-35.237588, 149.03153)",-35.237588,149.03153,2,11,2018
1215003,"10-07-2018","11:00","Property Damage Only","Struck pedestrian (On Road)",1,0,"CANBERRA CITY","(-35.278447, 149.129534)",-35.278447,149.129534,10,7,2018
1193810,"04-10-2018","12:46","Property Damage Only","Struck pedestrian (On Road)",1,0,"CANBERRA CITY","(-35.278001, 149.133143)",-35.278001,149.133143,4,10,2018
1186092,"15-06-2018","18:55","Property Damage Only","Struck pedestrian (On Road)",1,0,"ACTON","(-35.379947, 149.057449)",-35.379947,149.057449,15,6,2018
1194166,"15-10-2018","13:02","Injury","Struck pedestrian (On Road)",1,1,"CANBERRA CITY","(-35.248157, 149.133119)",-35.248157,149.133119,15,10,2018
1198852,"17-12-2018","18:10","Injury","Struck pedestrian (On Road)",1,1,"CANBERRA CITY","(-35.278206, 149.126356)",-35.278206,149.126356,17,12,2018
1189725,"06-08-2018","08:20","Injury","Struck pedestrian (On Road)",1,1,"BRUCE","(-35.275215, 149.114826)",-35.275215,149.114826,6,8,2018
1182487,"26-04-2018","14:30","Injury","Struck pedestrian (On Road)",1,1,"CANBERRA CITY","(-35.270304, 149.130341)",-35.270304,149.130341,26,4,2018
1182752,"29-04-2018","18:50","Injury","Struck pedestrian (On Road)",1,1,"DICKSON","(-35.253911, 149.139054)",-35.253911,149.139054,29,4,2018
1182947,"04-05-2018","15:21","Property Damage Only","Struck pedestrian (On Road)",1,0,"TUGGERANONG","(-35.415595, 149.067592)",-35.415595,149.067592,4,5,2018
1183319,"07-05-2018","15:00","Injury","Struck pedestrian (On Road)",1,1,"WODEN","(-35.362132, 149.098885)",-35.362132,149.098885,7,5,2018
1183320,"09-05-2018","14:00","Injury","Struck pedestrian (On Road)",2,2,"CANBERRA CITY","(-35.277155, 149.129635)",-35.277155,149.129635,9,5,2018
1184228,"21-05-2018","18:09","Injury","Struck pedestrian (On Road)",1,1,"PHILLIP","(-35.246863, 149.154825)",-35.246863,149.154825,21,5,2018
1186829,"25-06-2018","12:50","Property Damage Only","Struck pedestrian (On Road)",1,0,"CANBERRA CITY","(-35.278368, 149.13291)",-35.278368,149.13291,25,6,2018
1185893,"03-06-2018","09:45","Property Damage Only","Struck pedestrian (On Road)",1,0,"GUNGAHLIN","(-35.265651, 149.137949)",-35.265651,149.137949,3,6,2018
1190145,"13-08-2018","14:45","Injury","Struck pedestrian (On Road)",1,1,"TUGGERANONG","(-35.416981, 149.068525)",-35.416981,149.068525,13,8,2018
1190559,"07-08-2018","17:57","Injury","Struck pedestrian (On Road)",1,1,"CANBERRA CITY","(-35.273039, 149.130014)",-35.273039,149.130014,7,8,2018
1190231,"23-02-2018","18:20","Fatal","Struck pedestrian (On Road)",1,1,"BRUCE","(-35.197864, 149.111976)",-35.197864,149.111976,23,2,2018
1190633,"03-08-2018","06:37","Injury","Struck pedestrian (On Road)",1,1,"BARTON","(-35.309569, 149.137233)",-35.309569,149.137233,3,8,2018
1196899,"28-11-2018","16:10","Property Damage Only","Struck pedestrian (Off Road)",1,0,"GUNGAHLIN","(-35.278335, 149.135047)",-35.278335,149.135047,28,11,2018
1182390,"16-04-2018","17:20","Property Damage Only","Struck pedestrian (Off Road)",2,0,"GUNGAHLIN","(-35.278335, 149.135047)",-35.278335,149.135047,16,4,2018
1195510,"25-10-2018","19:12","Injury","Struck pedestrian (On Road)",1,1,"CANBERRA CITY","(-35.191181, 149.019555)",-35.191181,149.019555,25,10,2018
1195416,"03-11-2018","04:00","Injury","Struck pedestrian (On Road)",1,1,"AINSLIE","(-35.279813, 149.130567)",-35.279813,149.130567,3,11,2018
1195893,"13-11-2018","15:27","Injury","Struck pedestrian (On Road)",1,1,"CANBERRA CITY","(-35.277882, 149.124891)",-35.277882,149.124891,13,11,2018
1180955,"17-02-2018","17:30","Property Damage Only","Struck pedestrian (On Road)",1,0,"PHILLIP","(-35.284484, 149.123011)",-35.284484,149.123011,17,2,2018
1191275,"29-08-2018","12:30","Injury","Struck pedestrian (On Road)",1,1,"GUNGAHLIN","(-35.186494, 149.136994)",-35.186494,149.136994,29,8,2018
1192522,"18-09-2018","06:30","Injury","Collision with parked vehicle",1,1,"CAMPBELL","(-35.289344, 149.153863)",-35.289344,149.153863,18,9,2018
1202300,"28-12-2018","07:35","Property Damage Only","Struck pedestrian (On Road)",1,0,"CANBERRA CITY","(-35.278488, 149.129911)",-35.278488,149.129911,28,12,2018
1219852,"30-10-2018","17:00","Injury","Struck pedestrian (On Road)",1,1,"AINSLIE","(-35.280795, 149.131361)",-35.280795,149.131361,30,10,2018
1206644,"13-01-2018","22:42","Injury","Struck pedestrian (On Road)",1,1,"BRADDON","(-35.275857, 149.131061)",-35.275857,149.131061,13,1,2018
1207669,"01-03-2018","07:15","Property Damage Only","Struck pedestrian (Off Road)",1,0,"HARRISON","(-35.205432, 149.159682)",-35.205432,149.159682,1,3,2018
1198691,"21-12-2018","20:00","Injury","Struck pedestrian (On Road)",1,1,"FRANKLIN","(-35.320135, 149.133463)",-35.320135,149.133463,21,12,2018
1178633,"09-02-2018","13:30","Injury","Struck pedestrian (On Road)",1,1,"CANBERRA CITY","(-35.278934, 149.126029)",-35.278934,149.126029,9,2,2018
1202862,"06-10-2018","22:10","Fatal","Struck pedestrian (On Road)",1,1,"CANBERRA CITY","(-35.205721, 149.199527)",-35.205721,149.199527,6,10,2018
1193384,"17-09-2018","18:10","Injury","Struck pedestrian (On Road)",1,0,"BELCONNEN","(-35.240502, 149.067479)",-35.240502,149.067479,17,9,2018
1198583,"20-12-2018","16:30","Injury","Struck pedestrian (On Road)",1,1,"WODEN","(-35.372886, 149.114595)",-35.372886,149.114595,20,12,2018
1207571,"15-11-2018","18:56","Injury","Struck pedestrian (Off Road)",1,1,"DICKSON","(-35.250934, 149.137704)",-35.250934,149.137704,15,11,2018
1207308,"30-05-2018","18:30","Injury","Struck pedestrian (Off Road)",1,1,"GRIFFITH","(-35.319229, 149.13894)",-35.319229,149.13894,30,5,2018
1208364,"03-06-2019","15:15","Property Damage Only","Struck pedestrian (On Road)",1,0,"WODEN","(-35.358959, 149.087672)",-35.358959,149.087672,3,6,2019
1204823,"08-04-2019","07:06","Property Damage Only","Right turn into oncoming vehicle",1,0,"KAMBAH","(-35.390259, 149.078181)",-35.390259,149.078181,8,4,2019
1210107,"29-06-2019","10:10","Injury","Struck pedestrian (Off Road)",1,1,"DEAKIN","(-35.31541, 149.104103)",-35.31541,149.104103,29,6,2019
1209457,"07-06-2019","15:40","Property Damage Only","Struck pedestrian (On Road)",1,0,"CANBERRA CITY","(-35.285745, 149.134995)",-35.285745,149.134995,7,6,2019
1214064,"26-08-2019","08:55","Property Damage Only","Struck pedestrian (On Road)",1,0,"WODEN","(-35.364334, 149.092459)",-35.364334,149.092459,26,8,2019
1203469,"13-03-2019","13:05","Property Damage Only","Struck pedestrian (On Road)",1,0,"CASEY","(-35.277672, 149.132085)",-35.277672,149.132085,13,3,2019
1204582,"18-03-2019","07:45","Injury","Struck pedestrian (Off Road)",1,1,"BRUCE","(-35.178893, 149.122127)",-35.178893,149.122127,18,3,2019
1208477,"07-06-2019","08:30","Property Damage Only","Struck pedestrian (On Road)",1,0,"FLOREY","(-35.22508, 149.041393)",-35.22508,149.041393,7,6,2019
1212886,"10-08-2019","20:30","Injury","Struck pedestrian (On Road)",1,1,"TUGGERANONG","(-35.304403, 149.063315)",-35.304403,149.063315,10,8,2019
1214429,"03-09-2019","07:26","Injury","Struck pedestrian (On Road)",1,1,"RICHARDSON","(-35.41944, 149.113879)",-35.41944,149.113879,3,9,2019
1214139,"06-08-2019","12:16","Property Damage Only","Struck pedestrian (Off Road)",1,0,"LYNEHAM","(-35.201011, 149.149205)",-35.201011,149.149205,6,8,2019
1206501,"10-05-2019","18:20","Property Damage Only","Struck pedestrian (On Road)",1,0,"CANBERRA CITY","(-35.456268, 149.092696)",-35.456268,149.092696,10,5,2019
1217014,"18-10-2019","09:15","Property Damage Only","Struck pedestrian (On Road)",1,0,"CANBERRA CITY","(-35.278112, 149.126451)",-35.278112,149.126451,18,10,2019
1215789,"24-09-2019","07:45","Injury","Struck pedestrian (Off Road)",1,1,"HOLT","(-35.475051, 149.099517)",-35.475051,149.099517,24,9,2019
1204880,"09-03-2019","07:48","Injury","Struck pedestrian (Off Road)",1,1,"CANBERRA CITY","(-35.275767, 149.129503)",-35.275767,149.129503,9,3,2019
1216206,"12-08-2019","09:12","Injury","Struck pedestrian (Off Road)",1,1,"CANBERRA CITY","(-35.275692, 149.129686)",-35.275692,149.129686,12,8,2019
1216680,"11-10-2019","15:40","Property Damage Only","Struck pedestrian (On Road)",1,0,"FORREST","(-35.315005, 149.131527)",-35.315005,149.131527,11,10,2019
1217824,"31-10-2019","19:30","Property Damage Only","Struck pedestrian (On Road)",1,0,"FORDE","(-35.337536, 149.03181)",-35.337536,149.03181,31,10,2019
1217291,"21-10-2019","09:30","Injury","Struck pedestrian (Off Road)",1,1,"CANBERRA CITY","(-35.285133, 149.134109)",-35.285133,149.134109,21,10,2019
1218437,"18-10-2019","15:20","Injury","Struck pedestrian (On Road)",1,1,"CANBERRA CITY","(-35.285629, 149.13494)",-35.285629,149.13494,18,10,2019
1219257,"21-11-2019","08:20","Property Damage Only","Struck pedestrian (On Road)",1,0,"GUNGAHLIN","(-35.186263, 149.119575)",-35.186263,149.119575,21,11,2019
1213326,"15-08-2019","12:15","Injury","Struck pedestrian (On Road)",1,1,"KINGSLEY","(-35.27701, 149.1248)",-35.27701,149.1248,15,8,2019
1219423,"01-09-2019","18:00","Injury","Struck pedestrian (On Road)",1,1,"GORDON","(-35.450634, 149.088865)",-35.450634,149.088865,1,9,2019
1223555,"02-06-2019","13:18","Injury","Struck pedestrian (On Road)",1,1,"FISHER","(-35.35577, 149.054428)",-35.35577,149.054428,2,6,2019
1224707,"17-10-2019","23:00","Injury","Struck pedestrian (On Road)",1,1,"CASEY","(-35.159563, 149.098822)",-35.159563,149.098822,17,10,2019
1218766,"11-11-2019","17:20","Property Damage Only","Struck pedestrian (Off Road)",1,0,"LYONS","(-35.302521, 149.134069)",-35.302521,149.134069,11,11,2019
1225613,"06-05-2019","08:30","Property Damage Only","Struck pedestrian (Off Road)",1,0,"SPENCE","(-35.193257, 149.056305)",-35.193257,149.056305,6,5,2019
1225164,"04-10-2019","14:30","Injury","Struck pedestrian (Off Road)",1,1,"TUGGERANONG","(-35.456018, 149.0886)",-35.456018,149.0886,4,10,2019
1208066,"30-05-2019","17:30","Property Damage Only","Struck pedestrian (On Road)",1,0,"CANBERRA CITY","(-35.251153, 149.135326)",-35.251153,149.135326,30,5,2019
1210888,"27-06-2019","18:39","Injury","Struck pedestrian (On Road)",1,1,"WODEN","(-35.28315, 149.12584)",-35.28315,149.12584,27,6,2019
1207047,"18-05-2019","13:50","Property Damage Only","Struck pedestrian (On Road)",1,0,"CANBERRA CITY","(-35.278894, 149.123992)",-35.278894,149.123992,18,5,2019
1205500,"15-04-2019","18:45","Property Damage Only","Struck pedestrian (Off Road)",1,0,"BRUCE","(-35.277634, 149.133982)",-35.277634,149.133982,15,4,2019
1204616,"09-04-2019","14:40","Injury","Struck pedestrian (On Road)",1,1,"AINSLIE","(-35.259878, 149.141811)",-35.259878,149.141811,9,4,2019
1209678,"20-06-2019","11:45","Property Damage Only","Struck pedestrian (On Road)",1,0,"BELCONNEN","(-35.237647, 149.068627)",-35.237647,149.068627,20,6,2019
1211558,"23-07-2019","17:48","Injury","Struck pedestrian (On Road)",1,1,"BELCONNEN","(-35.2383, 149.067477)",-35.2383,149.067477,23,7,2019
1202017,"08-02-2019","15:20","Injury","Struck pedestrian (Off Road)",2,1,"RED HILL","(-35.324106, 149.125542)",-35.324106,149.125542,8,2,2019
1220021,"04-11-2019","14:50","Injury","Struck pedestrian (On Road)",1,1,"DICKSON","(-35.250994, 149.139936)",-35.250994,149.139936,4,11,2019
1201271,"19-02-2019","08:15","Property Damage Only","Struck pedestrian (On Road)",1,0,"BARTON","(-35.312262, 149.132209)",-35.312262,149.132209,19,2,2019
1204084,"02-04-2019","07:00","Injury","Struck pedestrian (Off Road)",1,1,"CANBERRA CITY","(-35.301203, 149.142367)",-35.301203,149.142367,2,4,2019
1212032,"23-07-2019","08:30","Injury","Struck pedestrian (On Road)",1,1,"HUME","(-35.311696, 149.132712)",-35.311696,149.132712,23,7,2019
1212214,"07-05-2019","14:40","Injury","Struck pedestrian (On Road)",1,1,"CANBERRA CITY","(-35.278621, 149.131116)",-35.278621,149.131116,7,5,2019
1202309,"26-02-2019","17:00","Injury","Struck pedestrian (On Road)",1,1,"BELCONNEN","(-35.239669, 149.074159)",-35.239669,149.074159,26,2,2019
1204446,"09-04-2019","17:10","Injury","Struck pedestrian (On Road)",1,1,"GUNGAHLIN","(-35.184183, 149.133664)",-35.184183,149.133664,9,4,2019
1220324,"07-12-2019","11:10","Property Damage Only","Struck pedestrian (On Road)",1,0,"DICKSON","(-35.250498, 149.138637)",-35.250498,149.138637,7,12,2019
1206129,"12-04-2019","09:30","Injury","Struck pedestrian (On Road)",1,1,"WODEN","(-35.366531, 149.093948)",-35.366531,149.093948,12,4,2019
1205344,"20-04-2019","12:45","Injury","Struck pedestrian (On Road)",1,1,"AINSLIE","(-35.319302, 149.13352)",-35.319302,149.13352,20,4,2019
1199483,"04-01-2019","20:00","Fatal","Struck pedestrian (On Road)",1,1,"BELCONNEN","(-35.249086, 149.071917)",-35.249086,149.071917,4,1,2019
1210259,"03-06-2019","12:05","Fatal","Struck pedestrian (Off Road)",1,1,"CANBERRA CITY","(-35.299526, 149.116689)",-35.299526,149.116689,3,6,2019
1201206,"07-02-2019","14:30","Property Damage Only","Struck pedestrian (Off Road)",1,0,"KINGSTON","(-35.314562, 149.146383)",-35.314562,149.146383,7,2,2019
1202032,"26-02-2019","13:09","Injury","Struck pedestrian (On Road)",1,1,"GUNGAHLIN","(-35.218239, 149.130851)",-35.218239,149.130851,26,2,2019
1200270,"31-01-2019","14:40","Injury","Struck pedestrian (On Road)",1,1,"AINSLIE","(-35.279468, 149.135703)",-35.279468,149.135703,31,1,2019
1221751,"13-06-2019","14:15","Injury","Struck pedestrian (On Road)",1,1,"CANBERRA CITY","(-35.282494, 149.130685)",-35.282494,149.130685,13,6,2019
1210896,"04-07-2019","15:05","Injury","Struck pedestrian (On Road)",1,1,"MACQUARIE","(-35.252512, 149.069691)",-35.252512,149.069691,4,7,2019
1203861,"27-03-2019","15:50","Injury","Struck pedestrian (Off Road)",1,1,"HARRISON","(-35.188503, 149.158858)",-35.188503,149.158858,27,3,2019
1210046,"25-06-2019","09:05","Injury","Struck pedestrian (Off Road)",1,1,"BONNER","(-35.157161, 149.137146)",-35.157161,149.137146,25,6,2019
1206487,"28-04-2019","21:20","Property Damage Only","Struck pedestrian (On Road)",1,0,"GUNGAHLIN","(-35.221455, 149.146293)",-35.221455,149.146293,28,4,2019
1210045,"25-06-2019","08:15","Property Damage Only","Struck pedestrian (On Road)",1,0,"HUGHES","(-35.343898, 149.098531)",-35.343898,149.098531,25,6,2019
1203232,"18-03-2019","15:05","Injury","Struck pedestrian (On Road)",1,1,"WODEN","(-35.224358, 149.038099)",-35.224358,149.038099,18,3,2019
1208754,"06-06-2019","15:25","Injury","Struck pedestrian (On Road)",1,1,"CURTIN","(-35.326199, 149.086682)",-35.326199,149.086682,6,6,2019
1211509,"16-07-2019","17:35","Injury","Struck pedestrian (On Road)",1,1,"TUGGERANONG","(-35.298515, 149.150831)",-35.298515,149.150831,16,7,2019
1207320,"10-05-2019","16:30","Property Damage Only","Struck pedestrian (On Road)",1,0,"WESTON","(-35.341457, 149.052288)",-35.341457,149.052288,10,5,2019
1204608,"31-03-2019","12:00","Injury","Struck pedestrian (On Road)",1,1,"KAMBAH","(-35.379997, 149.057395)",-35.379997,149.057395,31,3,2019
1219054,"14-11-2019","08:30","Injury","Struck pedestrian (On Road)",1,1,"LYNEHAM","(-35.25252, 149.124517)",-35.25252,149.124517,14,11,2019
1220320,"06-12-2019","13:45","Property Damage Only","Struck pedestrian (On Road)",1,0,"GREENWAY","(-35.421525, 149.072103)",-35.421525,149.072103,6,12,2019
1214808,"09-09-2019","16:40","Injury","Struck pedestrian (Off Road)",1,1,"WRIGHT","(-35.318647, 149.035378)",-35.318647,149.035378,9,9,2019
1222436,"09-01-2020","17:20","Injury","Struck pedestrian (On Road)",1,1,"CANBERRA CITY","(-35.306193, 149.1333)",-35.306193,149.1333,9,1,2020
1229267,"17-06-2020","12:14","Property Damage Only","Struck pedestrian (On Road)",1,0,"KAMBAH","(-35.378183, 149.060623)",-35.378183,149.060623,17,6,2020
1223000,"06-02-2020","16:30","Injury","Struck pedestrian (On Road)",1,1,"BRADDON","(-35.27594, 149.131211)",-35.27594,149.131211,6,2,2020
1229344,"10-03-2020","18:42","Injury","Collision with parked vehicle",1,1,"RIVETT","(-35.343665, 149.034455)",-35.343665,149.034455,10,3,2020
1223007,"07-02-2020","15:05","Injury","Struck pedestrian (Off Road)",1,1,"DICKSON","(-35.459003, 149.095634)",-35.459003,149.095634,7,2,2020
1230209,"07-07-2020","12:10","Property Damage Only","Struck pedestrian (On Road)",1,0,"PHILLIP","(-35.341431, 149.089602)",-35.341431,149.089602,7,7,2020
1230169,"16-07-2020","17:50","Injury","Struck pedestrian (Off Road)",1,1,"LYONS","(-35.346814, 149.079296)",-35.346814,149.079296,16,7,2020
1230165,"12-07-2020","19:50","Property Damage Only","Struck pedestrian (On Road)",1,0,"THEODORE ","(-35.330953, 149.078297)",-35.330953,149.078297,12,7,2020
1229284,"30-06-2020","08:40","Property Damage Only","Struck pedestrian (On Road)",1,0,"FORDE","(-35.343817, 149.076374)",-35.343817,149.076374,30,6,2020
1234491,"01-10-2020","19:58","Injury","Struck pedestrian (On Road)",1,1,"ISABELLA PLAINS","(-35.413251, 149.12093)",-35.413251,149.12093,1,10,2020
1233364,"04-09-2020","12:12","Injury","Struck pedestrian (On Road)",1,1,"GUNGAHLIN","(-35.182401, 149.110933)",-35.182401,149.110933,4,9,2020
1233818,"16-09-2020","14:10","Injury","Struck pedestrian (On Road)",1,1,"AINSLIE","(-35.281097, 149.131454)",-35.281097,149.131454,16,9,2020
1233557,"17-08-2020","15:15","Property Damage Only","Struck pedestrian (On Road)",1,0,"FORDE","(-35.225007, 149.021576)",-35.225007,149.021576,17,8,2020
1234322,"27-09-2020","10:50","Injury","Struck pedestrian (On Road)",1,1,"NICHOLLS","(-35.183096, 149.098853)",-35.183096,149.098853,27,9,2020
1223793,"14-02-2020","15:44","Injury","Struck pedestrian (On Road)",1,1,"RED HILL","(-35.332486, 149.123032)",-35.332486,149.123032,14,2,2020
1223913,"20-02-2020","08:06","Injury","Struck pedestrian (On Road)",1,1,"LYONS","(-35.356816, 149.087572)",-35.356816,149.087572,20,2,2020
1224450,"25-02-2020","16:05","Injury","Struck pedestrian (On Road)",1,1,"TUGGERANONG","(-35.404893, 149.099054)",-35.404893,149.099054,25,2,2020
1224724,"04-03-2020","12:00","Injury","Struck pedestrian (On Road)",1,1,"HUME","(-35.312562, 149.131941)",-35.312562,149.131941,4,3,2020
1225330,"08-03-2020","22:00","Injury","Struck pedestrian (Off Road)",1,1,"TUGGERANONG","(-35.297084, 149.134332)",-35.297084,149.134332,8,3,2020
1225621,"12-03-2020","16:50","Property Damage Only","Struck pedestrian (On Road)",1,0,"BARTON","(-35.311487, 149.132897)",-35.311487,149.132897,12,3,2020
1225754,"17-03-2020","14:30","Property Damage Only","Struck pedestrian (On Road)",1,0,"BELCONNEN","(-35.235476, 149.058018)",-35.235476,149.058018,17,3,2020
1227135,"03-05-2020","17:20","Injury","Struck pedestrian (On Road)",1,1,"GUNGAHLIN","(-35.188561, 149.122395)",-35.188561,149.122395,3,5,2020
1227431,"14-05-2020","11:10","Property Damage Only","Struck pedestrian (On Road)",1,0,"BELCONNEN","(-35.257127, 149.089703)",-35.257127,149.089703,14,5,2020
1227545,"13-03-2020","15:17","Injury","Struck pedestrian (On Road)",1,1,"FRANKLIN","(-35.196293, 149.145805)",-35.196293,149.145805,13,3,2020
1227663,"25-01-2020","20:57","Injury","Struck pedestrian (On Road)",1,1,"GUNGAHLIN","(-35.287142, 149.160546)",-35.287142,149.160546,25,1,2020
1227902,"14-05-2020","14:50","Injury","Struck pedestrian (On Road)",1,1,"BELCONNEN","(-35.243886, 149.064751)",-35.243886,149.064751,14,5,2020
1231765,"04-08-2020","12:00","Injury","Struck pedestrian (Off Road)",1,1,"GRIFFITH","(-35.331994, 149.132638)",-35.331994,149.132638,4,8,2020
1231561,"07-08-2020","13:10","Injury","Struck pedestrian (On Road)",1,1,"TUGGERANONG","(-35.416967, 149.068636)",-35.416967,149.068636,7,8,2020
1228916,"28-06-2020","09:45","Injury","Struck pedestrian (On Road)",1,1,"HUME","(-35.458012, 149.091256)",-35.458012,149.091256,28,6,2020
1231995,"20-08-2020","19:30","Injury","Struck pedestrian (On Road)",1,1,"AMAROO","(-35.16971, 149.133623)",-35.16971,149.133623,20,8,2020
1239035,"23-12-2020","10:00","Injury","Struck pedestrian (On Road)",1,1,"BELCONNEN","(-35.239783, 149.060975)",-35.239783,149.060975,23,12,2020
1237837,"09-11-2020","09:30","Injury","Struck pedestrian (Off Road)",1,1,"KINGSTON","(-35.317527, 149.140087)",-35.317527,149.140087,9,11,2020
1234611,"08-10-2020","09:15","Property Damage Only","Struck pedestrian (Off Road)",2,0,"BARTON","(-35.306421, 149.133432)",-35.306421,149.133432,8,10,2020
1244762,"20-11-2020","21:30","Injury","Struck pedestrian (On Road)",1,1,"BRADDON","(-35.27477, 149.132538)",-35.27477,149.132538,20,11,2020
1236284,"07-11-2020","15:30","Injury","Struck pedestrian (On Road)",1,1,"GRIFFITH","(-35.325872, 149.153929)",-35.325872,149.153929,7,11,2020
1236487,"02-11-2020","20:26","Injury","Struck pedestrian (On Road)",1,1,"CAMPBELL","(-35.291231, 149.144376)",-35.291231,149.144376,2,11,2020
1232892,"28-08-2020","16:20","Property Damage Only","Struck pedestrian (On Road)",1,0,"FLOREY","(-35.226012, 149.054495)",-35.226012,149.054495,28,8,2020
1235773,"01-11-2020","00:44","Property Damage Only","Struck pedestrian (On Road)",1,0,"CANBERRA CITY","(-35.279563, 149.128959)",-35.279563,149.128959,1,11,2020
1241472,"10-12-2020","09:30","Injury","Struck pedestrian (On Road)",1,1,"FRANKLIN","(-35.210181, 149.138502)",-35.210181,149.138502,10,12,2020
1241698,"31-07-2020","09:50","Injury","Struck pedestrian (Off Road)",1,1,"CONDER","(-35.457557, 149.093305)",-35.457557,149.093305,31,7,2020
1241705,"19-11-2020","23:30","Injury","Struck pedestrian (On Road)",1,1,"KINGSTON","(-35.310927, 149.145175)",-35.310927,149.145175,19,11,2020
1243374,"22-06-2020","18:30","Injury","Struck pedestrian (On Road)",1,1,"KALEEN","(-35.333956, 149.326601)",-35.333956,149.326601,22,6,2020
1244589,"14-09-2020","15:00","Property Damage Only","Struck pedestrian (Off Road)",1,0,"RICHARDSON","(-35.416704, 149.135105)",-35.416704,149.135105,14,9,2020
1235815,"12-10-2020","10:20","Injury","Struck pedestrian (On Road)",1,1,"GREENWAY","(-35.415503, 149.067522)",-35.415503,149.067522,12,10,2020
1236737,"29-10-2020","08:45","Injury","Struck pedestrian (On Road)",1,1,"GREENWAY","(-35.371915, 149.092772)",-35.371915,149.092772,29,10,2020
1240149,"18-12-2020","19:37","Injury","Struck pedestrian (On Road)",1,1,"CANBERRA CITY","(-35.276049, 149.132209)",-35.276049,149.132209,18,12,2020
1235981,"02-11-2020","10:35","Injury","Struck pedestrian (On Road)",1,1,"ACTON","(-35.276399, 149.125554)",-35.276399,149.125554,2,11,2020
1236673,"16-11-2020","09:15","Injury","Struck pedestrian (Off Road)",1,1,"CANBERRA CITY","(-35.279727, 149.125324)",-35.279727,149.125324,16,11,2020
1246617,"04-03-2021","08:05","Injury","Other - Vehicle to Vehicle",3,3,"CANBERRA CITY","(-35.236711, 149.054183)",-35.236711,149.054183,4,3,2021
1244108,"24-03-2021","17:52","Property Damage Only","Struck pedestrian (On Road)",1,0,"CANBERRA CITY","(-35.278394, 149.129051)",-35.278394,149.129051,24,3,2021
1244833,"14-04-2021","11:04","Injury","Struck pedestrian (On Road)",1,1,"GREENWAY","(-35.420355, 149.067903)",-35.420355,149.067903,14,4,2021
1249045,"11-03-2021","13:00","Injury","Struck pedestrian (Off Road)",1,1,"NARRABUNDAH","(-35.331581, 149.154687)",-35.331581,149.154687,11,3,2021
1249042,"12-02-2021","19:16","Property Damage Only","Struck pedestrian (On Road)",1,0,"DICKSON","(-35.249489, 149.135573)",-35.249489,149.135573,12,2,2021
1249996,"01-07-2021","16:30","Property Damage Only","Struck pedestrian (On Road)",1,0,"GREENWAY","(-35.415882, 149.06781)",-35.415882,149.06781,1,7,2021
1247769,"23-05-2021","20:25","Property Damage Only","Struck pedestrian (On Road)",1,0,"DOWNER","(-35.248715, 149.136173)",-35.248715,149.136173,23,5,2021
1247764,"15-05-2021","18:30","Injury","Struck pedestrian (On Road)",1,1,"BRUCE","(-35.240288, 149.091503)",-35.240288,149.091503,15,5,2021
1243682,"27-02-2021","15:20","Property Damage Only","Struck pedestrian (On Road)",1,0,"CANBERRA CITY","(-35.280815, 149.132298)",-35.280815,149.132298,27,2,2021
1245863,"14-03-2021","19:00","Injury","Struck pedestrian (Off Road)",1,1,"TUGGERANONG","(-35.294877, 149.143195)",-35.294877,149.143195,14,3,2021
1239659,"03-01-2021","14:15","Injury","Struck pedestrian (On Road)",1,1,"WESTON","(-35.341457, 149.052288)",-35.341457,149.052288,3,1,2021
1247491,"22-05-2021","10:10","Property Damage Only","Struck pedestrian (Off Road)",1,0,"HAWKER","(-35.250555, 149.041628)",-35.250555,149.041628,22,5,2021
1245869,"21-04-2021","14:00","Injury","Struck pedestrian (On Road)",1,1,"NARRABUNDAH","(-35.324787, 149.155669)",-35.324787,149.155669,21,4,2021
1249582,"18-06-2021","14:50","Injury","Struck pedestrian (On Road)",1,1,"GUNGAHLIN","(-35.186254, 149.13453)",-35.186254,149.13453,18,6,2021
1248099,"28-05-2021","17:45","Injury","Struck pedestrian (On Road)",1,1,"BELCONNEN","(-35.23855, 149.076548)",-35.23855,149.076548,28,5,2021
1246095,"03-05-2021","09:50","Property Damage Only","Struck pedestrian (On Road)",1,0,"WANNIASSA","(-35.404141, 149.098226)",-35.404141,149.098226,3,5,2021
1247496,"24-05-2021","10:40","Injury","Struck pedestrian (On Road)",1,1,"HOLT","(-35.223569, 149.036927)",-35.223569,149.036927,24,5,2021
1242690,"02-03-2021","08:10","Property Damage Only","Struck pedestrian (On Road)",2,0,"LYNEHAM","(-35.244336, 149.127097)",-35.244336,149.127097,2,3,2021
1243996,"19-03-2021","10:38","Property Damage Only","Struck pedestrian (On Road)",1,0,"PHILLIP","(-35.351851, 149.088881)",-35.351851,149.088881,19,3,2021
1246439,"03-05-2021","16:30","Injury","Struck pedestrian (Off Road)",1,1,"CANBERRA CITY","(-35.277991, 149.132638)",-35.277991,149.132638,3,5,2021
1241946,"26-02-2021","09:35","Property Damage Only","Struck pedestrian (On Road)",1,0,"TURNER","(-35.263778, 149.124979)",-35.263778,149.124979,26,2,2021
1241714,"15-02-2021","19:09","Injury","Struck pedestrian (On Road)",1,1,"BELCONNEN","(-35.237486, 149.06286)",-35.237486,149.06286,15,2,2021
1243056,"24-02-2021","11:45","Injury","Struck pedestrian (On Road)",1,1,"DICKSON","(-35.249719, 149.136991)",-35.249719,149.136991,24,2,2021
1247101,"16-05-2021","16:30","Injury","Struck pedestrian (On Road)",1,1,"FISHER","(-35.363361, 149.055488)",-35.363361,149.055488,16,5,2021
1249697,"23-06-2021","12:40","Injury","Struck pedestrian (On Road)",1,1,"BELCONNEN","(-35.242407, 149.059298)",-35.242407,149.059298,23,6,2021
1250708,"06-07-2021","07:00","Injury","Struck pedestrian (On Road)",1,1,"RED HILL","(-35.442848, 149.129881)",-35.442848,149.129881,6,7,2021
1244842,"15-04-2021","19:25","Property Damage Only","Struck pedestrian (On Road)",1,0,"HARRISON","(-35.200757, 149.161191)",-35.200757,149.161191,15,4,2021
1248633,"07-06-2021","18:42","Property Damage Only","Struck pedestrian (On Road)",1,0,"CANBERRA CITY","(-35.27971, 149.12534)",-35.27971,149.12534,7,6,2021
1247309,"20-05-2021","13:30","Injury","Struck pedestrian (On Road)",1,1,"CANBERRA CITY","(-35.280014, 149.126728)",-35.280014,149.126728,20,5,2021
