Crash ID,Crash Date,Crash Time,Severity,Crash Type,Pedestrians,Pedestrian Casualties,Reported Location,Location,
1152106,23-01-2017,16:00,Injury,Struck pedestrian (On Road),1,1,FORDE,"(-35.23191, 149.054575)",
1162345,23-05-2017,18:45,Injury,Struck pedestrian (On Road),1,1,FRANKLIN,"(-35.320601, 149.134962)",
1152674,05-09-2016,10:29,Injury,Struck pedestrian (Off Road),1,1,RED HILL,"(-35.342443, 149.12875)",
1154539,03-03-2017,16:23,Injury,Struck pedestrian (On Road),1,1,CANBERRA CITY,"(-35.275373, 149.125049)",
1155513,15-02-2017,22:55,Property Damage Only,Struck pedestrian (On Road),1,0,MACQUARIE,"(-35.24957, 149.070075)",
1213554,08-04-2018,02:30,Injury,Struck pedestrian (On Road),1,1,BELCONNEN,"(-35.261104, 149.108905)",
1153425,18-02-2017,15:51,Injury,Struck pedestrian (Off Road),1,1,CHISHOLM,"(-35.420837, 149.129395)",
1155516,27-02-2017,16:10,Injury,Struck pedestrian (On Road),1,1,BELCONNEN,"(-35.253846, 149.085583)",
1154362,17-12-2016,22:30,Injury,Struck pedestrian (Off Road),1,1,SPENCE,"(-35.19682, 149.070014)",
1153629,15-01-2017,20:30,Injury,Struck pedestrian (On Road),1,1,BRADDON,"(-35.273588, 149.14256)",
1154361,17-12-2016,18:00,Injury,Struck pedestrian (Off Road),1,1,FLOREY,"(-35.225538, 149.048216)",
1157002,11-03-2017,14:50,Injury,Struck pedestrian (On Road),1,1,BRUCE,"(-35.164537, 149.109157)",
1158943,01-03-2017,16:40,Injury,Struck pedestrian (On Road),2,2,BRUCE,"(-35.253107, 149.090986)",
1160756,10-05-2017,15:33,Property Damage Only,Struck pedestrian (On Road),1,0,CANBERRA CITY,"(-35.340758, 149.084671)",
1160670,19-05-2017,18:10,Injury,Struck pedestrian (On Road),1,1,CANBERRA CITY,"(-35.283469, 149.124506)",
1162039,27-05-2017,22:23,Property Damage Only,Struck pedestrian (On Road),1,0,CANBERRA CITY,"(-35.279596, 149.129155)",
1164409,06-07-2017,13:40,Injury,Struck pedestrian (Off Road),1,1,HAWKER,"(-35.243069, 149.038354)",
1164861,25-07-2017,10:30,Property Damage Only,Struck pedestrian (On Road),1,0,GOWRIE,"(-35.413711, 149.109821)",
1164752,17-07-2017,17:40,Injury,Struck pedestrian (On Road),1,1,BELCONNEN,"(-35.242985, 149.071007)",
1165055,02-08-2017,09:00,Property Damage Only,Struck pedestrian (On Road),1,0,WODEN,"(-35.343624, 149.087883)",
1165053,01-08-2017,07:30,Injury,Struck pedestrian (On Road),1,1,BELCONNEN,"(-35.237065, 149.031857)",
1135099,21-05-2016,02:00,Injury,Struck pedestrian (On Road),1,1,FORDE,"(-35.379485, 149.054824)",
1142102,18-08-2016,10:30,Injury,Struck pedestrian (On Road),1,1,GOWRIE,"(-35.413089, 149.121525)",
1166143,10-08-2017,15:50,Property Damage Only,Struck pedestrian (On Road),1,0,GRIFFITH,"(-35.329922, 149.128388)",
1165998,03-08-2017,22:30,Injury,Struck pedestrian (Off Road),1,1,CURTIN,"(-35.3229, 149.076065)",
1130336,06-12-2015,01:35,Injury,Struck pedestrian (On Road),1,1,GOWRIE,"(-35.414536, 149.102303)",
1121078,02-10-2015,00:10,Injury,Struck pedestrian (On Road),1,1,BELCONNEN,"(-35.41697, 149.102316)",
1196873,14-11-2018,08:30,Property Damage Only,Struck pedestrian (On Road),1,0,WODEN,"(-35.343459, 149.087963)",
1167532,01-09-2017,08:55,Injury,Struck pedestrian (On Road),1,1,HACKETT,"(-35.248525, 149.136898)",
1037852,24-05-2012,18:30,Injury,Struck pedestrian (On Road),1,1,ACTON,"(-35.274498, 149.117212)",
1168225,12-09-2017,18:30,Property Damage Only,Struck pedestrian (On Road),1,0,PHILLIP,"(-35.243002, 149.068733)",
1208364,03-06-2019,15:15,Property Damage Only,Struck pedestrian (On Road),1,0,WODEN,"(-35.358959, 149.087672)",
1169376,28-09-2017,17:00,Injury,Struck pedestrian (Off Road),1,1,CANBERRA CITY,"(-35.250945, 149.139809)",
1204823,08-04-2019,07:06,Property Damage Only,Right turn into oncoming vehicle,1,0,KAMBAH,"(-35.390259, 149.078181)",
1210107,29-06-2019,10:10,Injury,Struck pedestrian (Off Road),1,1,DEAKIN,"(-35.31541, 149.104103)",
1209457,07-06-2019,15:40,Property Damage Only,Struck pedestrian (On Road),1,0,CANBERRA CITY,"(-35.285745, 149.134995)",
1095847,10-09-2014,15:41,Fatal,Struck pedestrian (On Road),1,1,MANUKA,"(-35.319562, 149.135449)",
1113380,23-06-2015,08:55,Injury,Struck pedestrian (On Road),1,1,TUGGERANONG,"(-35.423782, 149.07382)",
1169588,29-09-2017,18:45,Injury,Struck pedestrian (On Road),1,1,CANBERRA CITY,"(-35.278509, 149.130633)",
1153287,06-01-2017,13:00,Property Damage Only,Struck pedestrian (On Road),1,0,WODEN,"(-35.415367, 149.0745)",
1097396,18-09-2014,16:15,Injury,Struck pedestrian (On Road),1,1,GUNGAHLIN,"(-35.190823, 149.160492)",
1132069,31-03-2016,17:20,Injury,Struck pedestrian (On Road),1,1,FORDE,"(-35.415202, 149.130706)",
1139608,11-05-2016,12:05,Property Damage Only,Struck pedestrian (On Road),1,0,CURTIN,"(-35.325801, 149.082858)",
1074310,11-11-2013,16:00,Property Damage Only,Struck pedestrian (On Road),1,0,TUGGERANONG,"(-35.373678, 149.055586)",
1086009,28-04-2014,15:45,Property Damage Only,Struck pedestrian (On Road),1,0,CANBERRA CITY,"(-35.276069, 149.129625)",
1061218,10-02-2013,05:15,Injury,Struck pedestrian (On Road),2,2,BRADDON,"(-35.2672, 149.13246)",
1052921,07-01-2013,16:10,Injury,Struck pedestrian (On Road),2,2,BRUCE,"(-35.246318, 149.101189)",
1042939,24-08-2012,03:25,Injury,Struck pedestrian (On Road),1,1,CANBERRA CITY,"(-35.279316, 149.129927)",
1133758,25-04-2016,16:20,Injury,Struck pedestrian (On Road),1,1,CANBERRA CITY,"(-35.320101, 149.137845)",
1135036,22-05-2016,11:45,Property Damage Only,Struck pedestrian (On Road),1,0,CHARNWOOD ,"(-35.205046, 149.034005)",
1070692,18-06-2013,08:30,Injury,Struck pedestrian (On Road),1,1,CANBERRA CITY,"(-35.272862, 149.119297)",
1167662,12-07-2017,15:10,Injury,Struck pedestrian (On Road),1,1,BELCONNEN,"(-35.239932, 149.06637)",
1113684,18-06-2015,07:50,Injury,Struck pedestrian (On Road),1,1,CANBERRA CITY,"(-35.272894, 149.119504)",
1143573,09-09-2016,16:30,Injury,Struck pedestrian (On Road),1,1,CASEY,"(-35.175197, 149.090539)",
1149756,14-10-2016,15:35,Property Damage Only,Struck pedestrian (On Road),1,0,BRUCE,"(-35.245794, 149.091004)",
1132854,15-04-2016,18:00,Property Damage Only,Struck pedestrian (On Road),1,0,CANBERRA CITY,"(-35.278018, 149.132666)",
1107428,27-03-2015,17:20,Property Damage Only,Struck pedestrian (Off Road),2,0,CANBERRA CITY,"(-35.316617, 149.125001)",
1214064,26-08-2019,08:55,Property Damage Only,Struck pedestrian (On Road),1,0,WODEN,"(-35.364334, 149.092459)",
1098250,29-10-2014,12:45,Property Damage Only,Struck pedestrian (On Road),1,0,PHILLIP,"(-35.342995, 149.086008)",
1153626,15-09-2016,12:26,Property Damage Only,Struck pedestrian (On Road),1,0,FORDE,"(-35.220495, 149.017773)",
1222436,09-01-2020,17:20,Injury,Struck pedestrian (On Road),1,1,CANBERRA CITY,"(-35.306193, 149.1333)",
1076049,27-11-2013,12:00,Property Damage Only,Struck pedestrian (On Road),1,0,CANBERRA CITY,"(-35.2778, 149.132374)",
1108881,25-04-2015,20:30,Property Damage Only,Struck pedestrian (On Road),1,0,WATSON,"(-35.248588, 149.137468)",
1107693,21-03-2015,13:50,Property Damage Only,Struck pedestrian (On Road),1,0,CANBERRA CITY,"(-35.275864, 149.130507)",
1196096,15-11-2018,18:30,Property Damage Only,Struck pedestrian (Off Road),1,0,FORDE,"(-35.220794, 149.105695)",
1076643,24-10-2013,11:35,Property Damage Only,Struck pedestrian (On Road),1,0,FYSHWICK,"(-35.328966, 149.178229)",
1179648,15-03-2018,11:45,Injury,Struck pedestrian (On Road),1,1,CASEY,"(-35.156277, 149.113559)",
1142179,11-08-2016,09:30,Property Damage Only,Struck pedestrian (On Road),1,0,GUNGAHLIN,"(-35.186149, 149.138564)",
1118896,22-05-2015,12:30,Injury,Struck pedestrian (On Road),1,1,FYSHWICK,"(-35.328325, 149.177771)",
1169739,04-10-2017,08:45,Injury,Struck pedestrian (On Road),1,1,KINGSTON,"(-35.275589, 149.1283)",
1170178,25-08-2017,15:09,Property Damage Only,Struck pedestrian (On Road),1,0,LYONS,"(-35.349465, 149.084402)",
1177656,16-02-2018,07:45,Injury,Struck pedestrian (On Road),1,1,WODEN,"(-35.427913, 149.08407)",
1170770,24-10-2017,12:55,Injury,Struck pedestrian (On Road),1,1,CASEY,"(-35.277379, 149.125339)",
1078965,08-01-2014,21:55,Property Damage Only,Struck pedestrian (On Road),1,0,MAJURA,"(-35.307394, 149.1706)",
1203469,13-03-2019,13:05,Property Damage Only,Struck pedestrian (On Road),1,0,CASEY,"(-35.277672, 149.132085)",
1114831,10-07-2015,09:55,Injury,Struck pedestrian (Off Road),1,1,MAJURA,"(-35.302513, 149.169366)",
1171421,31-10-2017,17:30,Injury,Struck pedestrian (Off Road),1,1,CANBERRA CITY,"(-35.405135, 149.101108)",
1171675,06-11-2017,09:20,Injury,Struck pedestrian (On Road),1,1,KINGSTON,"(-35.316297, 149.142188)",
1172023,08-11-2017,07:40,Injury,Struck pedestrian (On Road),1,1,DEAKIN,"(-35.3223, 149.098876)",
1204582,18-03-2019,07:45,Injury,Struck pedestrian (Off Road),1,1,BRUCE,"(-35.178893, 149.122127)",
1208477,07-06-2019,08:30,Property Damage Only,Struck pedestrian (On Road),1,0,FLOREY,"(-35.22508, 149.041393)",
1172928,23-11-2017,12:00,Property Damage Only,Struck pedestrian (On Road),1,0,KINGSTON,"(-35.314533, 149.145921)",
1175554,01-01-2018,23:15,Property Damage Only,Struck pedestrian (On Road),1,0,FLOREY,"(-35.236188, 149.041874)",
1173135,22-11-2017,21:00,Injury,Struck pedestrian (On Road),1,1,HOLT,"(-35.425916, 149.131994)",
1212886,10-08-2019,20:30,Injury,Struck pedestrian (On Road),1,1,TUGGERANONG,"(-35.304403, 149.063315)",
1174151,08-12-2017,08:45,Injury,Struck pedestrian (On Road),1,1,CHISHOLM,"(-35.275606, 149.128132)",
1229267,17-06-2020,12:14,Property Damage Only,Struck pedestrian (On Road),1,0,KAMBAH,"(-35.378183, 149.060623)",
1214429,03-09-2019,07:26,Injury,Struck pedestrian (On Road),1,1,RICHARDSON,"(-35.41944, 149.113879)",
1214139,06-08-2019,12:16,Property Damage Only,Struck pedestrian (Off Road),1,0,LYNEHAM,"(-35.201011, 149.149205)",
1176378,18-01-2018,09:25,Property Damage Only,Struck pedestrian (Off Road),1,0,WODEN,"(-35.366357, 149.112882)",
1176377,17-01-2018,11:05,Injury,Struck pedestrian (On Road),1,1,GUNGAHLIN,"(-35.197628, 149.118419)",
1164056,04-06-2017,06:55,Injury,Struck pedestrian (Off Road),1,1,YARRALUMLA,"(-35.299954, 149.112149)",
1214890,17-02-2018,20:00,Property Damage Only,Struck pedestrian (On Road),1,0,CANBERRA CITY,"(-35.277617, 149.13171)",
1176111,16-01-2018,12:30,Property Damage Only,Struck pedestrian (On Road),1,0,CAMPBELL,"(-35.30054, 149.168274)",
1176174,27-11-2017,09:10,Injury,Struck pedestrian (On Road),1,1,FYSHWICK,"(-35.329429, 149.173601)",
1175736,28-10-2017,11:15,Injury,Struck pedestrian (On Road),1,1,FORDE,"(-35.387792, 149.050746)",
1177028,06-02-2018,18:00,Injury,Struck pedestrian (On Road),1,1,BRUCE,"(-35.24886, 149.09038)",
1177239,07-02-2018,16:30,Injury,Struck pedestrian (On Road),1,1,CANBERRA CITY,"(-35.274547, 149.132574)",
1178553,02-03-2018,19:15,Injury,Struck pedestrian (On Road),1,1,HACKETT,"(-35.246944, 149.164037)",
1178704,04-03-2018,12:25,Property Damage Only,Struck pedestrian (On Road),1,0,AINSLIE,"(-35.262358, 149.145263)",
1146614,18-10-2016,17:33,Property Damage Only,Struck pedestrian (On Road),1,0,CANBERRA CITY,"(-35.278412, 149.126316)",
1179254,09-03-2018,13:30,Injury,Struck pedestrian (On Road),1,1,BELCONNEN,"(-35.247267, 149.068498)",
1179889,03-03-2018,14:00,Injury,Struck pedestrian (On Road),1,1,FYSHWICK,"(-35.325909, 149.172848)",
1181154,26-03-2018,16:45,Injury,Struck pedestrian (On Road),1,1,TUGGERANONG,"(-35.414494, 149.066802)",
1182053,19-04-2017,08:30,Property Damage Only,Struck pedestrian (On Road),2,0,WODEN,"(-35.364266, 149.095318)",
1193575,04-10-2018,12:20,Injury,Struck pedestrian (On Road),1,1,WANNIASSA,"(-35.412738, 149.083763)",
1172898,09-11-2017,07:35,Injury,Struck pedestrian (On Road),1,1,KAMBAH,"(-35.379904, 149.076731)",
1137078,16-06-2016,19:10,Injury,Struck pedestrian (On Road),1,1,TUGGERANONG,"(-35.373888, 149.056862)",
1193562,25-09-2018,12:00,Injury,Struck pedestrian (On Road),1,1,PHILLIP,"(-35.347944, 149.084695)",
1086998,23-05-2014,15:38,Injury,Struck pedestrian (On Road),1,1,HUME,"(-35.402137, 149.14783)",
1206501,10-05-2019,18:20,Property Damage Only,Struck pedestrian (On Road),1,0,CANBERRA CITY,"(-35.456268, 149.092696)",
1194546,18-10-2018,19:10,Injury,Struck pedestrian (On Road),1,1,CANBERRA CITY,"(-35.315556, 149.140357)",
1194734,26-10-2018,08:04,Injury,Struck pedestrian (On Road),1,1,FLOREY,"(-35.224068, 149.043193)",
1195199,02-11-2018,18:30,Injury,Struck pedestrian (On Road),1,1,BELCONNEN,"(-35.237588, 149.03153)",
1122800,31-10-2015,00:50,Property Damage Only,Struck pedestrian (On Road),1,0,AMAROO,"(-35.172973, 149.12335)",
1148997,05-12-2016,08:59,Injury,Struck pedestrian (On Road),1,1,HARRISON,"(-35.195951, 149.152383)",
1182054,04-05-2017,15:30,Injury,Struck pedestrian (On Road),1,1,ISABELLA PLAINS,"(-35.425209, 149.090418)",
1078844,22-01-2014,12:20,Injury,Struck pedestrian (On Road),1,1,DEAKIN,"(-35.321311, 149.093204)",
1215003,10-07-2018,11:00,Property Damage Only,Struck pedestrian (On Road),1,0,CANBERRA CITY,"(-35.278447, 149.129534)",
1098546,12-11-2014,19:54,Injury,Struck pedestrian (On Road),1,1,FORDE,"(-35.166706, 149.145543)",
1104840,25-03-2014,12:00,Property Damage Only,Struck pedestrian (On Road),1,0,GUNGAHLIN,"(-35.180311, 149.13604)",
1193810,04-10-2018,12:46,Property Damage Only,Struck pedestrian (On Road),1,0,CANBERRA CITY,"(-35.278001, 149.133143)",
1186092,15-06-2018,18:55,Property Damage Only,Struck pedestrian (On Road),1,0,ACTON,"(-35.379947, 149.057449)",
1046959,23-09-2012,14:00,Injury,Struck pedestrian (On Road),1,0,TURNER,"(-35.260406, 149.131073)",
1110354,14-05-2015,08:30,Injury,Struck pedestrian (On Road),1,1,CANBERRA CITY,"(-35.305867, 149.133111)",
1073294,09-02-2013,08:25,Property Damage Only,Struck pedestrian (On Road),1,0,WODEN,"(-35.279192, 149.130523)",
1166819,31-07-2017,12:10,Injury,Struck pedestrian (Off Road),1,1,GARRAN,"(-35.335683, 149.111892)",
1108346,09-04-2015,08:45,Property Damage Only,Struck pedestrian (On Road),1,0,CANBERRA CITY,"(-35.275659, 149.128623)",
1194166,15-10-2018,13:02,Injury,Struck pedestrian (On Road),1,1,CANBERRA CITY,"(-35.248157, 149.133119)",
1048741,27-10-2012,23:20,Injury,Struck pedestrian (On Road),1,1,CANBERRA CITY,"(-35.267671, 149.130981)",
1030345,05-03-2012,16:35,Injury,Struck pedestrian (On Road),1,1,GUNGAHLIN,"(-35.181466, 149.128234)",
1141984,10-08-2016,18:15,Property Damage Only,Struck pedestrian (On Road),1,0,WODEN,"(-35.363657, 149.092449)",
1223000,06-02-2020,16:30,Injury,Struck pedestrian (On Road),1,1,BRADDON,"(-35.27594, 149.131211)",
1229344,10-03-2020,18:42,Injury,Collision with parked vehicle,1,1,RIVETT,"(-35.343665, 149.034455)",
1198852,17-12-2018,18:10,Injury,Struck pedestrian (On Road),1,1,CANBERRA CITY,"(-35.278206, 149.126356)",
1076866,14-12-2013,10:15,Injury,Struck pedestrian (On Road),1,1,GUNGAHLIN,"(-35.186539, 149.124745)",
1028555,10-02-2012,15:10,Injury,Struck pedestrian (Off Road),1,1,CURTIN,"(-35.324119, 149.085556)",
1246617,04-03-2021,08:05,Injury,Other - Vehicle to Vehicle,3,3,CANBERRA CITY,"(-35.236711, 149.054183)",
1084394,17-04-2014,18:00,Injury,Struck pedestrian (On Road),1,1,GUNGAHLIN,"(-35.185704, 149.135882)",
1189725,06-08-2018,08:20,Injury,Struck pedestrian (On Road),1,1,BRUCE,"(-35.275215, 149.114826)",
1182487,26-04-2018,14:30,Injury,Struck pedestrian (On Road),1,1,CANBERRA CITY,"(-35.270304, 149.130341)",
1182752,29-04-2018,18:50,Injury,Struck pedestrian (On Road),1,1,DICKSON,"(-35.253911, 149.139054)",
1223007,07-02-2020,15:05,Injury,Struck pedestrian (Off Road),1,1,DICKSON,"(-35.459003, 149.095634)",
1182827,20-12-2017,21:40,Injury,Struck pedestrian (On Road),1,1,TUGGERANONG,"(-35.45133, 149.091331)",
1217014,18-10-2019,09:15,Property Damage Only,Struck pedestrian (On Road),1,0,CANBERRA CITY,"(-35.278112, 149.126451)",
1182947,04-05-2018,15:21,Property Damage Only,Struck pedestrian (On Road),1,0,TUGGERANONG,"(-35.415595, 149.067592)",
1183319,07-05-2018,15:00,Injury,Struck pedestrian (On Road),1,1,WODEN,"(-35.362132, 149.098885)",
1183320,09-05-2018,14:00,Injury,Struck pedestrian (On Road),2,2,CANBERRA CITY,"(-35.277155, 149.129635)",
1183305,24-08-2017,19:00,Injury,Struck pedestrian (On Road),1,1,AINSLIE,"(-35.276642, 149.14252)",
1183844,30-04-2017,09:40,Injury,Struck pedestrian (On Road),1,1,BRADDON,"(-35.346002, 149.087066)",
1184228,21-05-2018,18:09,Injury,Struck pedestrian (On Road),1,1,PHILLIP,"(-35.246863, 149.154825)",
1112093,29-05-2015,08:40,Property Damage Only,Struck pedestrian (On Road),1,0,CANBERRA CITY,"(-35.276713, 149.13408)",
1215789,24-09-2019,07:45,Injury,Struck pedestrian (Off Road),1,1,HOLT,"(-35.475051, 149.099517)",
1204880,09-03-2019,07:48,Injury,Struck pedestrian (Off Road),1,1,CANBERRA CITY,"(-35.275767, 149.129503)",
1186829,25-06-2018,12:50,Property Damage Only,Struck pedestrian (On Road),1,0,CANBERRA CITY,"(-35.278368, 149.13291)",
1185893,03-06-2018,09:45,Property Damage Only,Struck pedestrian (On Road),1,0,GUNGAHLIN,"(-35.265651, 149.137949)",
1108955,24-04-2015,07:40,Injury,Struck pedestrian (On Road),1,1,TURNER,"(-35.260511, 149.132038)",
1190145,13-08-2018,14:45,Injury,Struck pedestrian (On Road),1,1,TUGGERANONG,"(-35.416981, 149.068525)",
1216206,12-08-2019,09:12,Injury,Struck pedestrian (Off Road),1,1,CANBERRA CITY,"(-35.275692, 149.129686)",
1158225,14-04-2017,05:50,Injury,Struck pedestrian (Off Road),1,1,AINSLIE,"(-35.281343, 149.131597)",
1031897,26-03-2012,16:02,Property Damage Only,Struck pedestrian (On Road),1,0,AINSLIE,"(-35.281722, 149.131816)",
1190559,07-08-2018,17:57,Injury,Struck pedestrian (On Road),1,1,CANBERRA CITY,"(-35.273039, 149.130014)",
1190231,23-02-2018,18:20,Fatal,Struck pedestrian (On Road),1,1,BRUCE,"(-35.197864, 149.111976)",
1216680,11-10-2019,15:40,Property Damage Only,Struck pedestrian (On Road),1,0,FORREST,"(-35.315005, 149.131527)",
1104852,10-04-2014,18:20,Property Damage Only,Struck pedestrian (On Road),1,0,CANBERRA CITY,"(-35.283632, 149.124606)",
1190633,03-08-2018,06:37,Injury,Struck pedestrian (On Road),1,1,BARTON,"(-35.309569, 149.137233)",
1052136,12-12-2012,14:00,Property Damage Only,Struck pedestrian (On Road),1,0,BRADDON,"(-35.278745, 149.133994)",
1105729,24-02-2015,12:25,Property Damage Only,Struck pedestrian (Off Road),1,0,CANBERRA CITY,"(-35.278691, 149.134132)",
1196899,28-11-2018,16:10,Property Damage Only,Struck pedestrian (Off Road),1,0,GUNGAHLIN,"(-35.278335, 149.135047)",
1182390,16-04-2018,17:20,Property Damage Only,Struck pedestrian (Off Road),2,0,GUNGAHLIN,"(-35.278335, 149.135047)",
1230209,07-07-2020,12:10,Property Damage Only,Struck pedestrian (On Road),1,0,PHILLIP,"(-35.341431, 149.089602)",
1217824,31-10-2019,19:30,Property Damage Only,Struck pedestrian (On Road),1,0,FORDE,"(-35.337536, 149.03181)",
1217291,21-10-2019,09:30,Injury,Struck pedestrian (Off Road),1,1,CANBERRA CITY,"(-35.285133, 149.134109)",
1218437,18-10-2019,15:20,Injury,Struck pedestrian (On Road),1,1,CANBERRA CITY,"(-35.285629, 149.13494)",
1219257,21-11-2019,08:20,Property Damage Only,Struck pedestrian (On Road),1,0,GUNGAHLIN,"(-35.186263, 149.119575)",
1168364,17-09-2017,01:35,Property Damage Only,Struck pedestrian (On Road),1,0,GUNGAHLIN,"(-35.237583, 149.114092)",
1153289,16-01-2017,08:20,Injury,Struck pedestrian (On Road),1,1,TURNER,"(-35.257777, 149.132579)",
1195510,25-10-2018,19:12,Injury,Struck pedestrian (On Road),1,1,CANBERRA CITY,"(-35.191181, 149.019555)",
1164837,21-07-2017,13:10,Property Damage Only,Struck pedestrian (On Road),1,0,CANBERRA CITY,"(-35.278834, 149.13058)",
1195416,03-11-2018,04:00,Injury,Struck pedestrian (On Road),1,1,AINSLIE,"(-35.279813, 149.130567)",
1195893,13-11-2018,15:27,Injury,Struck pedestrian (On Road),1,1,CANBERRA CITY,"(-35.277882, 149.124891)",
1057122,21-01-2012,21:10,Injury,Struck pedestrian (Off Road),1,1,DICKSON,"(-35.202617, 149.076448)",
1230169,16-07-2020,17:50,Injury,Struck pedestrian (Off Road),1,1,LYONS,"(-35.346814, 149.079296)",
1230165,12-07-2020,19:50,Property Damage Only,Struck pedestrian (On Road),1,0,THEODORE ,"(-35.330953, 149.078297)",
1229284,30-06-2020,08:40,Property Damage Only,Struck pedestrian (On Road),1,0,FORDE,"(-35.343817, 149.076374)",
1234491,01-10-2020,19:58,Injury,Struck pedestrian (On Road),1,1,ISABELLA PLAINS,"(-35.413251, 149.12093)",
1233364,04-09-2020,12:12,Injury,Struck pedestrian (On Road),1,1,GUNGAHLIN,"(-35.182401, 149.110933)",
1233818,16-09-2020,14:10,Injury,Struck pedestrian (On Road),1,1,AINSLIE,"(-35.281097, 149.131454)",
1233557,17-08-2020,15:15,Property Damage Only,Struck pedestrian (On Road),1,0,FORDE,"(-35.225007, 149.021576)",
1234322,27-09-2020,10:50,Injury,Struck pedestrian (On Road),1,1,NICHOLLS,"(-35.183096, 149.098853)",
1180955,17-02-2018,17:30,Property Damage Only,Struck pedestrian (On Road),1,0,PHILLIP,"(-35.284484, 149.123011)",
1066319,17-07-2013,17:30,Injury,Struck pedestrian (On Road),1,1,FORDE,"(-35.280376, 149.146126)",
1191275,29-08-2018,12:30,Injury,Struck pedestrian (On Road),1,1,GUNGAHLIN,"(-35.186494, 149.136994)",
1112998,01-06-2015,13:10,Injury,Struck pedestrian (On Road),1,1,CANBERRA CITY,"(-35.277666, 149.129367)",
1213326,15-08-2019,12:15,Injury,Struck pedestrian (On Road),1,1,KINGSLEY,"(-35.27701, 149.1248)",
1192522,18-09-2018,06:30,Injury,Collision with parked vehicle,1,1,CAMPBELL,"(-35.289344, 149.153863)",
1173555,26-11-2017,13:50,Injury,Struck pedestrian (On Road),1,1,TURNER,"(-35.266172, 149.123134)",
1038088,13-06-2012,14:15,Injury,Struck pedestrian (On Road),1,1,CANBERRA CITY,"(-35.311098, 149.141787)",
1219423,01-09-2019,18:00,Injury,Struck pedestrian (On Road),1,1,Gordon,"(-35.450634, 149.088865)",
1223555,02-06-2019,13:18,Injury,Struck pedestrian (On Road),1,1,Fisher,"(-35.35577, 149.054428)",
1223793,14-02-2020,15:44,Injury,Struck pedestrian (On Road),1,1,Red Hill,"(-35.332486, 149.123032)",
1223913,20-02-2020,08:06,Injury,Struck pedestrian (On Road),1,1,Lyons,"(-35.356816, 149.087572)",
1224450,25-02-2020,16:05,Injury,Struck pedestrian (On Road),1,1,TUGGERANONG,"(-35.404893, 149.099054)",
1224707,17-10-2019,23:00,Injury,Struck pedestrian (On Road),1,1,Casey,"(-35.159563, 149.098822)",
1224724,04-03-2020,12:00,Injury,Struck pedestrian (On Road),1,1,Hume,"(-35.312562, 149.131941)",
1218766,11-11-2019,17:20,Property Damage Only,Struck pedestrian (Off Road),1,0,Lyons,"(-35.302521, 149.134069)",
1225330,08-03-2020,22:00,Injury,Struck pedestrian (Off Road),1,1,TUGGERANONG,"(-35.297084, 149.134332)",
1225621,12-03-2020,16:50,Property Damage Only,Struck pedestrian (On Road),1,0,BARTON,"(-35.311487, 149.132897)",
1225613,06-05-2019,08:30,Property Damage Only,Struck pedestrian (Off Road),1,0,Spence,"(-35.193257, 149.056305)",
1225164,04-10-2019,14:30,Injury,Struck pedestrian (Off Road),1,1,TUGGERANONG,"(-35.456018, 149.0886)",
1202300,28-12-2018,07:35,Property Damage Only,Struck pedestrian (On Road),1,0,Canberra City,"(-35.278488, 149.129911)",
1208066,30-05-2019,17:30,Property Damage Only,Struck pedestrian (On Road),1,0,Canberra City,"(-35.251153, 149.135326)",
1210888,27-06-2019,18:39,Injury,Struck pedestrian (On Road),1,1,WODEN,"(-35.28315, 149.12584)",
1062725,14-04-2013,16:00,Injury,Struck pedestrian (On Road),1,1,MAJURA,"(-35.320064, 149.20813)",
1048971,23-10-2012,14:10,Property Damage Only,Struck pedestrian (On Road),1,0,Kingston,"(-35.312386, 149.146019)",
1207047,18-05-2019,13:50,Property Damage Only,Struck pedestrian (On Road),1,0,Canberra City,"(-35.278894, 149.123992)",
1225754,17-03-2020,14:30,Property Damage Only,Struck pedestrian (On Road),1,0,Belconnen,"(-35.235476, 149.058018)",
1227135,03-05-2020,17:20,Injury,Struck pedestrian (On Road),1,1,GUNGAHLIN,"(-35.188561, 149.122395)",
1227431,14-05-2020,11:10,Property Damage Only,Struck pedestrian (On Road),1,0,Belconnen,"(-35.257127, 149.089703)",
1227545,13-03-2020,15:17,Injury,Struck pedestrian (On Road),1,1,Franklin,"(-35.196293, 149.145805)",
1227663,25-01-2020,20:57,Injury,Struck pedestrian (On Road),1,1,GUNGAHLIN,"(-35.287142, 149.160546)",
1227902,14-05-2020,14:50,Injury,Struck pedestrian (On Road),1,1,Belconnen,"(-35.243886, 149.064751)",
1231765,04-08-2020,12:00,Injury,Struck pedestrian (Off Road),1,1,Griffith,"(-35.331994, 149.132638)",
1231561,07-08-2020,13:10,Injury,Struck pedestrian (On Road),1,1,TUGGERANONG,"(-35.416967, 149.068636)",
1057306,03-05-2012,16:40,Fatal,Struck pedestrian (On Road),2,2,WODEN,"(-35.347313, 149.099872)",
1046532,25-09-2012,10:16,Injury,Struck pedestrian (On Road),1,1,BARTON,"(-35.308829, 149.130814)",
1092381,06-08-2014,17:30,Injury,Struck pedestrian (On Road),1,1,Ainslie,"(-35.262425, 149.147201)",
1031219,22-03-2012,11:05,Property Damage Only,Struck pedestrian (On Road),1,0,Symonston,"(-35.335523, 149.167755)",
1048184,17-10-2012,17:27,Injury,Struck pedestrian (On Road),1,1,Canberra City,"(-35.277091, 149.126537)",
1123998,24-11-2015,10:25,Injury,Struck pedestrian (On Road),1,1,Canberra City,"(-35.249437, 149.133926)",
1052775,01-01-2013,03:00,Injury,Struck pedestrian (On Road),1,1,Kambah,"(-35.39055, 149.07258)",
1079211,25-01-2014,23:30,Property Damage Only,Struck pedestrian (On Road),1,0,TUGGERANONG,"(-35.330543, 149.063432)",
1095301,06-09-2014,09:40,Injury,Struck pedestrian (On Road),1,1,PHILLIP,"(-35.357075, 149.08811)",
1114827,09-07-2015,13:15,Injury,Struck pedestrian (On Road),1,1,PHILLIP,"(-35.348789, 149.084257)",
1049846,20-11-2012,15:00,Injury,Struck pedestrian (On Road),1,1,Canberra City,"(-35.277535, 149.132106)",
1054203,30-01-2013,19:14,Injury,Struck pedestrian (On Road),1,1,Kingston,"(-35.230884, 149.034385)",
1132568,11-04-2016,15:40,Injury,Struck pedestrian (On Road),1,1,Canberra City,"(-35.428445, 149.087345)",
1091173,16-07-2014,06:50,Injury,Struck pedestrian (On Road),1,1,Turner,"(-35.272041, 149.119728)",
1036569,21-05-2012,06:35,Injury,Struck pedestrian (On Road),1,1,Canberra City,"(-35.278415, 149.129246)",
1052048,26-12-2012,15:10,Injury,Struck pedestrian (On Road),1,1,Fyshwick,"(-35.336638, 149.179568)",
1145323,30-09-2016,15:00,Property Damage Only,Struck pedestrian (On Road),1,0,ISABELLA PLAINS,"(-35.432263, 149.093415)",
1205500,15-04-2019,18:45,Property Damage Only,Struck pedestrian (Off Road),1,0,Bruce,"(-35.277634, 149.133982)",
1037965,24-06-2012,10:00,Injury,Struck pedestrian (On Road),1,1,Florey,"(-35.226762, 149.051838)",
1130662,14-04-2015,11:39,Property Damage Only,Struck pedestrian (On Road),1,0,Watson,"(-35.238927, 149.15364)",
1068769,10-08-2013,19:15,Injury,Struck pedestrian (On Road),1,1,DICKSON,"(-35.250175, 149.136678)",
1204616,09-04-2019,14:40,Injury,Struck pedestrian (On Road),1,1,Ainslie,"(-35.259878, 149.141811)",
1128157,27-01-2016,10:45,Injury,Struck pedestrian (On Road),1,1,Kingston,"(-35.313696, 149.146778)",
1130259,28-02-2016,05:10,Injury,Struck pedestrian (On Road),1,1,Ainslie,"(-35.279195, 149.135963)",
1209678,20-06-2019,11:45,Property Damage Only,Struck pedestrian (On Road),1,0,Belconnen,"(-35.237647, 149.068627)",
1121518,31-08-2015,20:10,Injury,Struck pedestrian (On Road),1,1,Canberra City,"(-35.278106, 149.132745)",
1123683,17-11-2015,22:42,Injury,Struck pedestrian (On Road),1,1,Canberra City,"(-35.266242, 149.131212)",
1099216,12-11-2014,19:33,Property Damage Only,Struck pedestrian (Off Road),1,0,DICKSON,"(-35.279843, 149.110712)",
1048754,07-11-2012,09:50,Injury,Struck pedestrian (Off Road),1,1,Fyshwick,"(-35.325404, 149.179456)",
1131468,29-03-2016,23:00,Property Damage Only,Struck pedestrian (On Road),1,0,Hume,"(-35.405938, 149.150021)",
1211558,23-07-2019,17:48,Injury,Struck pedestrian (On Road),1,1,Belconnen,"(-35.2383, 149.067477)",
1202017,08-02-2019,15:20,Injury,Struck pedestrian (Off Road),2,1,Red Hill,"(-35.324106, 149.125542)",
1130250,13-02-2016,22:20,Injury,Struck pedestrian (On Road),1,1,Watson,"(-35.242282, 149.158411)",
1052777,03-01-2013,10:15,Property Damage Only,Struck pedestrian (On Road),2,0,Canberra City,"(-35.260511, 149.132038)",
1219852,30-10-2018,17:00,Injury,Struck pedestrian (On Road),1,1,Ainslie,"(-35.280795, 149.131361)",
1220021,04-11-2019,14:50,Injury,Struck pedestrian (On Road),1,1,DICKSON,"(-35.250994, 149.139936)",
1046533,26-09-2012,15:20,Injury,Struck pedestrian (On Road),1,1,Kaleen,"(-35.230788, 149.113038)",
1042165,07-08-2012,08:50,Property Damage Only,Struck pedestrian (On Road),1,0,ISABELLA PLAINS,"(-35.426242, 149.09243)",
1077586,27-11-2013,09:30,Injury,Struck pedestrian (On Road),1,1,Canberra City,"(-35.278174, 149.132794)",
1057318,22-11-2012,18:45,Fatal,Struck pedestrian (On Road),1,1,Weston,"(-35.339313, 149.053079)",
1099455,21-02-2014,16:05,Injury,Struck pedestrian (On Road),1,1,Fyshwick,"(-35.227655, 149.035092)",
1062321,25-05-2013,14:20,Property Damage Only,Struck pedestrian (On Road),1,0,WODEN,"(-35.349026, 149.091958)",
1063461,17-02-2013,15:00,Property Damage Only,Struck pedestrian (On Road),1,0,Amaroo,"(-35.17004, 149.120262)",
1076960,24-11-2013,10:45,Injury,Struck pedestrian (Off Road),1,1,Macquarie,"(-35.249346, 149.066028)",
1201271,19-02-2019,08:15,Property Damage Only,Struck pedestrian (On Road),1,0,BARTON,"(-35.312262, 149.132209)",
1145550,16-10-2016,09:22,Property Damage Only,Struck pedestrian (Off Road),1,0,PHILLIP,"(-35.348075, 149.085474)",
1141622,26-07-2016,08:37,Injury,Struck pedestrian (On Road),1,1,Holt,"(-35.224469, 149.020743)",
1112981,25-04-2015,23:50,Injury,Struck pedestrian (On Road),1,1,Canberra City,"(-35.248111, 149.134121)",
1149653,08-11-2016,09:30,Injury,Other - Vehicle to Vehicle,1,1,Chisholm,"(-35.42338, 149.12377)",
1122138,26-10-2015,16:45,Injury,Struck pedestrian (Off Road),1,1,Amaroo,"(-35.285084, 149.138315)",
1049098,19-10-2012,08:02,Injury,Struck pedestrian (On Road),1,1,WODEN,"(-35.371915, 149.092994)",
1068770,16-08-2013,16:56,Fatal,Struck pedestrian (On Road),1,1,WODEN,"(-35.362074, 149.100712)",
1094954,08-09-2014,17:30,Injury,Struck pedestrian (On Road),1,1,GUNGAHLIN,"(-35.193339, 149.127875)",
1097028,01-09-2014,13:30,Injury,Struck pedestrian (On Road),1,1,Fyshwick,"(-35.330009, 149.183362)",
1147857,19-11-2016,20:00,Property Damage Only,Struck pedestrian (Off Road),1,0,GUNGAHLIN,"(-35.198377, 149.122177)",
1098277,10-11-2014,06:32,Injury,Struck pedestrian (Off Road),1,1,Flynn,"(-35.209088, 149.042738)",
1204084,02-04-2019,07:00,Injury,Struck pedestrian (Off Road),1,1,Canberra City,"(-35.301203, 149.142367)",
1099082,11-11-2014,17:45,Property Damage Only,Struck pedestrian (On Road),1,0,Kingston,"(-35.316134, 149.142378)",
1111676,28-05-2015,22:00,Injury,Struck pedestrian (On Road),1,1,CHARNWOOD ,"(-35.204811, 149.037593)",
1102211,09-01-2015,10:15,Property Damage Only,Struck pedestrian (On Road),1,0,Canberra City,"(-35.277541, 149.131012)",
1100879,17-12-2014,17:00,Injury,Struck pedestrian (On Road),1,1,Kambah,"(-35.382106, 149.05122)",
1032861,11-04-2012,15:10,Injury,Struck pedestrian (On Road),1,1,BARTON,"(-35.252302, 149.131099)",
1212032,23-07-2019,08:30,Injury,Struck pedestrian (On Road),1,1,Hume,"(-35.311696, 149.132712)",
1212214,07-05-2019,14:40,Injury,Struck pedestrian (On Road),1,1,Canberra City,"(-35.278621, 149.131116)",
1083966,14-03-2014,08:30,Property Damage Only,Struck pedestrian (Off Road),1,0,WODEN,"(-35.357941, 149.097166)",
1112983,08-05-2015,09:08,Injury,Struck pedestrian (On Road),1,1,Lyneham,"(-35.251237, 149.124908)",
1146809,30-10-2016,00:30,Injury,Struck pedestrian (On Road),1,1,Weston,"(-35.340965, 149.053431)",
1051009,02-11-2012,10:09,Fatal,Struck pedestrian (Off Road),1,1,PHILLIP,"(-35.349047, 149.0857)",
1111509,16-04-2015,13:30,Injury,Struck pedestrian (On Road),1,1,Lyneham,"(-35.244939, 149.123398)",
1136105,04-06-2016,17:40,Injury,Struck pedestrian (On Road),1,1,Franklin,"(-35.193734, 149.150904)",
1137433,08-06-2016,08:35,Property Damage Only,Struck pedestrian (On Road),1,0,Belconnen,"(-35.235828, 149.057992)",
1206644,13-01-2018,22:42,Injury,Struck pedestrian (On Road),1,1,BRADDON,"(-35.275857, 149.131061)",
1202309,26-02-2019,17:00,Injury,Struck pedestrian (On Road),1,1,Belconnen,"(-35.239669, 149.074159)",
1114863,14-07-2015,13:15,Injury,Struck pedestrian (Off Road),1,1,Palmerston,"(-35.2343, 149.04684)",
1082228,19-03-2014,15:05,Property Damage Only,Struck pedestrian (On Road),1,0,PHILLIP,"(-35.349037, 149.084251)",
1031912,05-04-2012,08:00,Property Damage Only,Struck pedestrian (On Road),1,0,Canberra City,"(-35.283883, 149.132121)",
1098543,12-11-2014,14:48,Injury,Struck pedestrian (On Road),1,1,Canberra City,"(-35.279462, 149.127464)",
1108347,15-04-2015,08:15,Property Damage Only,Struck pedestrian (On Road),1,0,Canberra City,"(-35.27558, 149.127891)",
1078424,10-01-2014,17:50,Injury,Struck pedestrian (On Road),1,1,BRADDON,"(-35.270606, 149.133122)",
1059958,19-04-2013,13:15,Property Damage Only,Struck pedestrian (On Road),1,0,Canberra City,"(-35.278394, 149.129052)",
1127948,26-01-2016,22:10,Injury,Struck pedestrian (On Road),1,1,Belconnen,"(-35.238182, 149.071064)",
1133356,10-04-2016,19:00,Injury,Struck pedestrian (On Road),1,1,Farrer,"(-35.376789, 149.109133)",
1082001,18-02-2014,08:20,Injury,Struck pedestrian (On Road),1,1,WODEN,"(-35.355442, 149.091526)",
1204446,09-04-2019,17:10,Injury,Struck pedestrian (On Road),1,1,GUNGAHLIN,"(-35.184183, 149.133664)",
1112989,22-05-2015,18:14,Injury,Struck pedestrian (On Road),1,1,WODEN,"(-35.334435, 149.135552)",
1145541,12-10-2016,08:45,Injury,Struck pedestrian (On Road),1,1,WODEN,"(-35.414007, 149.068077)",
1087388,07-05-2014,07:55,Injury,Struck pedestrian (On Road),1,1,Red Hill,"(-35.323553, 149.109556)",
1130908,12-12-2015,02:59,Property Damage Only,Struck pedestrian (On Road),1,0,Canberra City,"(-35.27986, 149.130647)",
1220324,07-12-2019,11:10,Property Damage Only,Struck pedestrian (On Road),1,0,DICKSON,"(-35.250498, 149.138637)",
1063065,04-06-2013,09:00,Property Damage Only,Struck pedestrian (On Road),1,0,Deakin,"(-35.326899, 149.091732)",
1103819,31-01-2015,23:15,Property Damage Only,Struck pedestrian (On Road),1,0,Canberra City,"(-35.279585, 149.129057)",
1097031,11-09-2014,22:30,Injury,Struck pedestrian (Off Road),1,1,BARTON,"(-35.311359, 149.133307)",
1090165,02-07-2014,19:30,Injury,Struck pedestrian (On Road),1,1,BRADDON,"(-35.275843, 149.131064)",
1082751,27-03-2014,13:30,Property Damage Only,Struck pedestrian (On Road),1,0,TUGGERANONG,"(-35.415841, 149.067779)",
1068115,12-08-2013,15:31,Injury,Struck pedestrian (On Road),1,1,Florey,"(-35.225727, 149.047592)",
1133760,26-04-2016,15:50,Injury,Struck pedestrian (On Road),1,1,WODEN,"(-35.343073, 149.087871)",
1037851,22-05-2012,15:00,Injury,Struck pedestrian (On Road),1,1,Canberra City,"(-35.27944, 149.127678)",
1037926,29-05-2012,16:45,Property Damage Only,Struck pedestrian (On Road),1,0,TUGGERANONG,"(-35.415269, 149.067344)",
1102083,01-01-2015,00:30,Injury,Struck pedestrian (On Road),2,2,Canberra City,"(-35.279585, 149.129057)",
1139654,21-07-2016,18:04,Injury,Struck pedestrian (On Road),1,1,WODEN,"(-35.172903, 149.122918)",
1036434,03-06-2012,11:00,Injury,Struck pedestrian (On Road),1,1,Chisholm,"(-35.417108, 149.127478)",
1062300,12-03-2013,09:15,Injury,Struck pedestrian (On Road),1,1,Red Hill,"(-35.340764, 149.131784)",
1228916,28-06-2020,09:45,Injury,Struck pedestrian (On Road),1,1,Hume,"(-35.458012, 149.091256)",
1074533,04-11-2013,18:40,Injury,Struck pedestrian (On Road),1,1,Canberra City,"(-35.252666, 149.133305)",
1037940,12-06-2012,15:40,Injury,Struck pedestrian (On Road),1,1,Ngunnawal,"(-35.179057, 149.125856)",
1206129,12-04-2019,09:30,Injury,Struck pedestrian (On Road),1,1,WODEN,"(-35.366531, 149.093948)",
1124639,02-12-2015,01:20,Property Damage Only,Struck pedestrian (On Road),1,0,Gordon,"(-35.449299, 149.088308)",
1107675,19-03-2015,22:00,Property Damage Only,Struck pedestrian (On Road),1,0,WODEN,"(-35.260367, 149.130716)",
1071403,26-09-2013,17:29,Injury,Struck pedestrian (On Road),1,1,GUNGAHLIN,"(-35.185475, 149.134501)",
1139659,22-07-2016,08:20,Property Damage Only,Struck pedestrian (On Road),1,0,GARRAN,"(-35.419917, 149.065536)",
1063056,31-05-2013,00:30,Property Damage Only,Struck pedestrian (On Road),1,0,Canberra City,"(-35.277558, 149.131173)",
1068872,20-07-2013,23:25,Injury,Struck pedestrian (On Road),1,1,Canberra City,"(-35.279505, 149.12907)",
1050502,30-11-2012,08:35,Property Damage Only,Struck pedestrian (On Road),1,0,Canberra City,"(-35.200811, 149.150529)",
1079541,04-02-2014,15:25,Injury,Struck pedestrian (On Road),1,1,Belconnen,"(-35.239184, 149.067627)",
1049958,21-11-2012,18:30,Injury,Struck pedestrian (On Road),1,1,Bruce,"(-35.242228, 149.089486)",
1130540,06-03-2015,19:54,Property Damage Only,Struck pedestrian (On Road),1,0,Yarralumla,"(-35.326448, 149.087217)",
1152348,06-02-2017,08:30,Property Damage Only,Struck pedestrian (On Road),1,0,Forrest,"(-35.318557, 149.132896)",
1086363,29-04-2014,18:30,Property Damage Only,Struck pedestrian (On Road),1,0,GUNGAHLIN,"(-35.218244, 149.130804)",
1083984,05-04-2014,14:40,Injury,Opposite direction side swipe,1,1,Calwell,"(-35.437173, 149.110394)",
1041927,02-08-2012,08:50,Property Damage Only,Struck pedestrian (On Road),1,0,Campbell,"(-35.290574, 149.152872)",
1101050,05-12-2014,00:10,Injury,Struck pedestrian (On Road),1,1,Franklin,"(-35.31585, 149.129397)",
1095195,15-09-2014,16:20,Property Damage Only,Struck pedestrian (On Road),1,0,Chapman,"(-35.356968, 149.036867)",
1075343,23-11-2013,21:00,Property Damage Only,Struck pedestrian (On Road),1,0,TUGGERANONG,"(-35.319716, 149.131873)",
1125659,11-12-2015,16:00,Injury,Struck pedestrian (On Road),1,1,Canberra City,"(-35.281949, 149.132069)",
1086445,30-04-2014,07:40,Injury,Struck pedestrian (On Road),1,1,Canberra City,"(-35.338006, 149.082905)",
1102904,25-01-2015,04:10,Injury,Struck pedestrian (On Road),1,1,WODEN,"(-35.344608, 149.099006)",
1049962,22-11-2012,08:56,Injury,Struck pedestrian (On Road),1,1,Macquarie,"(-35.251907, 149.06956)",
1207669,01-03-2018,07:15,Property Damage Only,Struck pedestrian (Off Road),1,0,Harrison,"(-35.205432, 149.159682)",
1097029,03-09-2014,16:30,Injury,Struck pedestrian (On Road),1,1,Belconnen,"(-35.242388, 149.085286)",
1128162,28-01-2016,06:00,Injury,Struck pedestrian (On Road),1,1,WODEN,"(-35.213605, 149.0532)",
1090329,05-07-2014,22:50,Property Damage Only,Struck pedestrian (On Road),1,0,Canberra City,"(-35.279004, 149.129151)",
1061225,01-05-2013,08:30,Injury,Struck pedestrian (On Road),1,1,Pearce,"(-35.357256, 149.089001)",
1198691,21-12-2018,20:00,Injury,Struck pedestrian (On Road),1,1,Franklin,"(-35.320135, 149.133463)",
1130100,17-11-2015,14:40,Injury,Collision with parked vehicle,1,1,Canberra City,"(-35.278775, 149.133145)",
1078233,22-09-2013,21:05,Injury,Struck pedestrian (On Road),1,1,Canberra City,"(-35.260533, 149.132234)",
1062726,17-04-2013,18:00,Injury,Struck pedestrian (Off Road),1,1,Belconnen,"(-35.24348, 149.049955)",
1205344,20-04-2019,12:45,Injury,Struck pedestrian (On Road),1,1,Ainslie,"(-35.319302, 149.13352)",
1104572,19-02-2015,09:10,Injury,Struck pedestrian (Off Road),1,1,Canberra City,"(-35.288107, 149.139176)",
1144828,21-09-2016,15:00,Property Damage Only,Struck pedestrian (On Road),1,0,Pearce,"(-35.362897, 149.087981)",
1100663,04-12-2014,09:50,Property Damage Only,Struck pedestrian (Off Road),1,0,Turner,"(-35.270744, 149.131887)",
1159268,04-05-2017,07:38,Injury,Struck pedestrian (On Road),1,1,Turner,"(-35.275659, 149.128623)",
1136951,06-01-2015,14:00,Injury,Struck pedestrian (Off Road),1,1,Canberra City,"(-35.277787, 149.13075)",
1166728,22-08-2017,12:20,Injury,Struck pedestrian (On Road),1,1,Canberra City,"(-35.2795, 149.130473)",
1084203,13-04-2014,10:30,Injury,Other - Vehicle to Vehicle,2,2,Kambah,"(-35.396237, 149.068896)",
1111844,24-05-2015,21:20,Injury,Struck pedestrian (On Road),1,1,CHARNWOOD ,"(-35.20222, 149.031468)",
1034835,16-05-2012,16:22,Injury,Right angle collision,1,1,Canberra City,"(-35.273436, 149.121886)",
1199483,04-01-2019,20:00,Fatal,Struck pedestrian (On Road),1,1,Belconnen,"(-35.249086, 149.071917)",
1095054,16-08-2014,05:50,Injury,Struck pedestrian (On Road),1,1,Canberra City,"(-35.347111, 149.099814)",
1072593,12-10-2013,08:20,Injury,Struck pedestrian (On Road),1,1,GUNGAHLIN,"(-35.18481, 149.14937)",
1178633,09-02-2018,13:30,Injury,Struck pedestrian (On Road),1,1,Canberra City,"(-35.278934, 149.126029)",
1130246,30-07-2015,08:50,Injury,Struck pedestrian (On Road),1,1,Holt,"(-35.228336, 149.020879)",
1175260,29-11-2017,16:30,Injury,Other - Vehicle to Vehicle,1,1,TUGGERANONG,"(-35.27732, 149.08692)",
1031331,20-03-2012,14:50,Injury,Struck pedestrian (On Road),1,1,Ainslie,,
1079499,08-08-2013,08:30,Property Damage Only,Struck pedestrian (On Road),1,0,Chifley,"(-35.348161, 149.080947)",
1147585,03-11-2016,15:10,Property Damage Only,Struck pedestrian (On Road),1,0,O'connor,"(-35.256605, 149.125613)",
1202862,06-10-2018,22:10,Fatal,Struck pedestrian (On Road),1,1,Canberra City,"(-35.205721, 149.199527)",
1210259,03-06-2019,12:05,Fatal,Struck pedestrian (Off Road),1,1,Canberra City,"(-35.299526, 149.116689)",
1155345,10-11-2016,13:47,Property Damage Only,Struck pedestrian (On Road),1,0,Franklin,"(-35.187071, 149.143929)",
1121615,30-09-2015,16:45,Injury,Struck pedestrian (On Road),1,1,Canberra City,"(-35.240594, 149.136989)",
1125334,20-11-2015,11:15,Property Damage Only,Struck pedestrian (On Road),1,0,MAJURA,"(-35.29739, 149.186962)",
1231995,20-08-2020,19:30,Injury,Struck pedestrian (On Road),1,1,Amaroo,"(-35.16971, 149.133623)",
1130243,17-01-2015,02:00,Property Damage Only,Struck pedestrian (On Road),1,0,Canberra City,"(-35.277633, 149.131851)",
1131082,22-03-2016,20:56,Injury,Struck pedestrian (On Road),1,1,Kambah,"(-35.38437, 149.065661)",
1094984,10-09-2014,07:50,Injury,Struck pedestrian (On Road),1,1,Gordon,"(-35.454599, 149.089865)",
1157245,23-03-2017,17:50,Injury,Struck pedestrian (On Road),1,1,O'Connor,"(-35.264235, 149.121875)",
1056959,20-11-2012,17:22,Injury,Struck pedestrian (On Road),1,1,Lyons,"(-35.345953, 149.084185)",
1119120,12-09-2015,02:30,Injury,Struck pedestrian (On Road),1,1,Canberra CIty,"(-35.279713, 149.130219)",
1117117,07-08-2015,17:15,Injury,Struck pedestrian (On Road),1,1,Canberra City,"(-35.277014, 149.126549)",
1086268,07-05-2014,08:05,Injury,Struck pedestrian (On Road),1,1,Giralang,"(-35.209891, 149.093231)",
1080009,07-02-2014,15:30,Property Damage Only,Struck pedestrian (On Road),1,0,CURTIN,"(-35.32764, 149.082414)",
1094802,02-09-2014,09:10,Property Damage Only,Struck pedestrian (On Road),1,0,Florey,"(-35.224732, 149.043587)",
1057071,12-09-2012,15:00,Injury,Struck pedestrian (On Road),1,1,Ngunnawal,"(-35.168867, 149.106279)",
1039979,15-07-2012,21:37,Injury,Struck pedestrian (On Road),1,1,Dunlop,"(-35.190744, 149.024855)",
1141453,15-08-2016,08:25,Injury,Struck pedestrian (On Road),1,1,WODEN,"(-35.339932, 149.082363)",
1122956,16-10-2015,14:40,Injury,Struck pedestrian (On Road),1,1,Canberra City,"(-35.275607, 149.1297)",
1032496,03-04-2012,16:45,Injury,Struck pedestrian (On Road),1,1,Canberra City,"(-35.277054, 149.129466)",
1028427,14-02-2012,08:50,Injury,Struck pedestrian (On Road),1,1,Kaleen,"(-35.224796, 149.111025)",
1099468,21-11-2014,08:20,Property Damage Only,Struck pedestrian (On Road),1,0,TUGGERANONG,"(-35.298037, 149.129249)",
1130092,15-04-2015,15:30,Property Damage Only,Struck pedestrian (On Road),1,0,BRADDON,"(-35.278296, 149.130667)",
1143322,09-09-2016,18:30,Injury,Struck pedestrian (On Road),1,1,Nicholls,"(-35.184465, 149.084288)",
1201206,07-02-2019,14:30,Property Damage Only,Struck pedestrian (Off Road),1,0,Kingston,"(-35.314562, 149.146383)",
1065346,24-06-2013,12:40,Injury,Struck pedestrian (On Road),1,1,Griffith,"(-35.321053, 149.133541)",
1080015,10-02-2014,15:20,Injury,Struck pedestrian (On Road),1,1,Canberra City,"(-35.277124, 149.129354)",
1119969,22-09-2015,16:00,Injury,Struck pedestrian (On Road),1,1,Acton,"(-35.281751, 149.123662)",
1202032,26-02-2019,13:09,Injury,Struck pedestrian (On Road),1,1,GUNGAHLIN,"(-35.218239, 149.130851)",
1136705,09-06-2016,18:00,Injury,Struck pedestrian (On Road),1,1,GUNGAHLIN,"(-35.185095, 149.132351)",
1039639,12-05-2012,18:40,Injury,Struck pedestrian (On Road),1,1,CHARNWOOD ,"(-35.189396, 149.021587)",
1065713,25-06-2013,15:03,Property Damage Only,Struck pedestrian (On Road),1,0,Reid,"(-35.280731, 149.138266)",
1123391,13-11-2015,15:15,Property Damage Only,Struck pedestrian (On Road),1,0,Bruce,"(-35.242254, 149.089359)",
1200270,31-01-2019,14:40,Injury,Struck pedestrian (On Road),1,1,Ainslie,"(-35.279468, 149.135703)",
1221751,13-06-2019,14:15,Injury,Struck pedestrian (On Road),1,1,Canberra City,"(-35.282494, 149.130685)",
1130524,29-01-2015,16:54,Injury,Struck pedestrian (On Road),1,1,Red hill,"(-35.33198, 149.128362)",
1079490,18-08-2013,12:30,Injury,Struck pedestrian (On Road),1,1,Holder,"(-35.34144, 149.047114)",
1051926,28-10-2012,06:30,Property Damage Only,Struck pedestrian (On Road),1,0,Stirling,"(-35.355651, 149.048629)",
1127724,23-08-2015,11:30,Property Damage Only,Struck pedestrian (Off Road),1,0,Conder,"(-35.454008, 149.097555)",
1143666,12-09-2016,15:00,Injury,Struck pedestrian (On Road),1,1,Weston,"(-35.341435, 149.052288)",
1134437,06-05-2016,12:38,Injury,Struck pedestrian (On Road),1,1,Canberra City,"(-35.277406, 149.130811)",
1091542,26-07-2014,00:55,Property Damage Only,Struck pedestrian (On Road),1,0,PHILLIP,"(-35.35245, 149.085457)",
1053739,23-01-2013,08:58,Injury,Struck pedestrian (On Road),1,1,Canberra City,"(-35.278543, 149.130627)",
1136085,28-05-2016,15:30,Fatal,Struck pedestrian (Off Road),1,1,Ngunnawal,"(-35.173746, 149.110551)",
1028560,11-02-2012,17:00,Injury,Struck pedestrian (On Road),1,1,Macarthur,"(-35.403489, 149.13005)",
1083540,27-03-2014,19:50,Injury,Struck pedestrian (On Road),1,1,Griffith,"(-35.314969, 149.141042)",
1060764,30-04-2013,13:00,Property Damage Only,Struck pedestrian (On Road),1,0,Griffith,"(-35.328145, 149.142419)",
1096136,30-09-2014,10:30,Injury,Struck pedestrian (On Road),1,1,Belconnen,"(-35.238335, 149.067477)",
1135496,20-05-2016,17:00,Injury,Struck pedestrian (On Road),1,1,PHILLIP,"(-35.348944, 149.088871)",
1053720,21-11-2012,18:45,Property Damage Only,Struck pedestrian (On Road),1,0,Pearce,"(-35.355936, 149.075251)",
1130528,09-02-2015,16:08,Property Damage Only,Struck pedestrian (On Road),1,0,Canberra City,"(-35.277135, 149.129453)",
1113578,21-06-2015,01:45,Injury,Struck pedestrian (On Road),1,1,Canberra City,"(-35.279774, 149.130474)",
1113005,04-06-2015,21:20,Injury,Struck pedestrian (On Road),1,1,Holt,"(-35.222097, 149.015606)",
1072866,19-10-2013,20:00,Property Damage Only,Struck pedestrian (On Road),1,0,Palmerston,"(-35.197901, 149.121701)",
1141527,04-08-2016,09:25,Property Damage Only,Struck pedestrian (On Road),1,0,GUNGAHLIN,"(-35.184858, 149.130785)",
1100406,03-12-2014,14:53,Property Damage Only,Struck pedestrian (On Road),1,0,Kambah,"(-35.392374, 149.06867)",
1082146,14-03-2014,20:50,Property Damage Only,Struck pedestrian (On Road),1,0,Canberra City,"(-35.277951, 149.132594)",
1152328,12-12-2016,08:15,Property Damage Only,Struck pedestrian (On Road),1,0,Chisholm,"(-35.419552, 149.116856)",
1193384,17-09-2018,18:10,Injury,Struck pedestrian (On Road),1,0,Belconnen,"(-35.240502, 149.067479)",
1057313,12-10-2012,16:25,Fatal,Struck pedestrian (On Road),1,1,Cook,"(-35.257384, 149.069091)",
1074786,12-05-2013,10:45,Injury,Struck pedestrian (On Road),1,1,GUNGAHLIN,"(-35.189022, 149.151287)",
1143571,09-09-2016,15:28,Injury,Struck pedestrian (On Road),1,1,Belconnen,"(-35.238169, 149.067477)",
1128443,14-01-2016,14:50,Injury,Struck pedestrian (On Road),1,1,Canberra City,"(-35.279355, 149.127692)",
1057061,25-10-2012,14:50,Injury,Struck pedestrian (On Road),1,1,Narrabundah,"(-35.332705, 149.154128)",
1149369,08-12-2016,19:30,Injury,Struck pedestrian (On Road),1,1,Greenway,"(-35.415914, 149.064016)",
1097673,16-10-2014,10:20,Injury,Struck pedestrian (On Road),1,1,Downer,"(-35.248265, 149.134115)",
1098893,05-01-2014,11:25,Injury,Struck pedestrian (On Road),1,1,Ainslie,"(-35.262262, 149.145279)",
1029600,18-02-2012,21:28,Injury,Struck pedestrian (On Road),1,1,BRADDON,"(-35.275935, 149.131163)",
1057147,11-02-2012,23:32,Injury,Struck pedestrian (On Road),1,1,BRADDON,"(-35.27896, 149.129158)",
1210896,04-07-2019,15:05,Injury,Struck pedestrian (On Road),1,1,Macquarie,"(-35.252512, 149.069691)",
1054719,08-02-2013,15:30,Injury,Struck pedestrian (Off Road),1,1,Bonner,"(-35.160807, 149.135306)",
1078683,05-01-2014,18:10,Property Damage Only,Struck pedestrian (On Road),1,0,Downer,"(-35.248265, 149.134115)",
1100463,02-12-2014,08:20,Property Damage Only,Struck pedestrian (Off Road),1,0,Evatt,"(-35.216872, 149.067489)",
1149546,12-12-2016,17:45,Injury,Right turn into oncoming vehicle,1,1,Belconnen,"(-35.243, 149.073687)",
1144495,13-09-2016,10:10,Injury,Struck pedestrian (On Road),1,1,Canberra City,"(-35.277113, 149.129254)",
1039925,08-05-2012,19:21,Injury,Struck pedestrian (On Road),1,1,Acton,"(-35.275762, 149.129574)",
1064774,21-06-2013,21:10,Property Damage Only,Struck pedestrian (On Road),1,0,Canberra City,"(-35.279412, 149.133513)",
1043588,25-08-2012,09:10,Property Damage Only,Struck pedestrian (On Road),1,0,Griffith,"(-35.319097, 149.133127)",
1039982,16-07-2012,15:15,Injury,Struck pedestrian (On Road),1,1,PHILLIP,"(-35.349011, 149.088312)",
1129937,11-01-2016,17:35,Injury,Struck pedestrian (On Road),1,1,O'Connor,"(-35.259572, 149.123401)",
1049109,09-11-2012,08:20,Property Damage Only,Struck pedestrian (On Road),1,0,WODEN,"(-35.364231, 149.094256)",
1072173,20-09-2013,13:15,Property Damage Only,Struck pedestrian (On Road),1,0,Canberra City,"(-35.277635, 149.131869)",
1080411,17-02-2014,14:20,Property Damage Only,Struck pedestrian (Off Road),1,0,Fyshwick,"(-35.325769, 149.166889)",
1073384,09-02-2013,19:15,Injury,Struck pedestrian (On Road),1,1,Palmerston,"(-35.193652, 149.125262)",
1129178,24-02-2016,16:20,Injury,Struck pedestrian (On Road),1,1,Canberra City,"(-35.278067, 149.126379)",
1130648,14-03-2015,11:38,Property Damage Only,Struck pedestrian (On Road),1,0,O'Connor,"(-35.443581, 149.112317)",
1114525,30-05-2015,14:55,Injury,Struck pedestrian (On Road),1,1,Bruce,"(-35.245717, 149.095277)",
1047758,26-10-2012,18:00,Property Damage Only,Struck pedestrian (On Road),1,0,Weston,"(-35.341776, 149.052288)",
1145041,07-10-2016,08:45,Injury,Struck pedestrian (On Road),1,1,Greenway,"(-35.354768, 149.091489)",
1051952,20-12-2012,07:00,Injury,Struck pedestrian (On Road),1,1,Conder,"(-35.457657, 149.102602)",
1029619,02-03-2012,11:40,Injury,Right angle collision,1,1,Griffith,"(-35.319931, 149.131241)",
1150667,26-12-2016,17:25,Injury,Struck pedestrian (On Road),1,1,PHILLIP,"(-35.348621, 149.105789)",
1138255,30-06-2016,12:50,Property Damage Only,Struck pedestrian (On Road),1,0,Canberra City,"(-35.278534, 149.130342)",
1203861,27-03-2019,15:50,Injury,Struck pedestrian (Off Road),1,1,Harrison,"(-35.188503, 149.158858)",
1210046,25-06-2019,09:05,Injury,Struck pedestrian (Off Road),1,1,Bonner,"(-35.157161, 149.137146)",
1108216,28-03-2015,09:00,Property Damage Only,Struck pedestrian (On Road),1,0,CHARNWOOD ,"(-35.199627, 149.034406)",
1050490,28-11-2012,17:47,Injury,Struck pedestrian (On Road),1,0,WODEN,"(-35.359373, 149.101935)",
1104731,09-01-2015,15:10,Injury,Struck pedestrian (On Road),1,1,Conder,"(-35.464535, 149.106279)",
1147477,01-11-2016,12:45,Property Damage Only,Struck pedestrian (On Road),1,0,Griffith,"(-35.314994, 149.140979)",
1101068,18-12-2014,11:05,Injury,Struck pedestrian (Off Road),1,1,Wanniassa,"(-35.400006, 149.08682)",
1206487,28-04-2019,21:20,Property Damage Only,Struck pedestrian (On Road),1,0,GUNGAHLIN,"(-35.221455, 149.146293)",
1210045,25-06-2019,08:15,Property Damage Only,Struck pedestrian (On Road),1,0,Hughes,"(-35.343898, 149.098531)",
1032867,16-04-2012,11:20,Injury,Struck pedestrian (On Road),1,1,Kaleen,"(-35.218589, 149.103494)",
1121520,24-09-2015,08:40,Injury,Struck pedestrian (Off Road),1,1,Griffith,"(-35.329583, 149.123745)",
1039779,05-04-2012,17:30,Injury,Struck pedestrian (On Road),1,1,PHILLIP,"(-35.348789, 149.084257)",
1101238,24-12-2014,14:15,Injury,Struck pedestrian (On Road),1,1,PHILLIP,"(-35.344628, 149.084684)",
1070628,14-09-2013,07:58,Property Damage Only,Struck pedestrian (On Road),1,0,Belconnen,"(-35.247965, 149.067545)",
1084774,16-04-2014,17:00,Injury,Struck pedestrian (On Road),1,0,BRADDON,"(-35.280328, 149.128937)",
1026849,28-01-2012,10:30,Injury,Struck pedestrian (On Road),1,1,O'Connor,"(-35.260511, 149.132038)",
1132759,16-04-2016,18:42,Property Damage Only,Struck pedestrian (On Road),1,0,Belconnen,"(-35.238953, 149.070307)",
1087660,03-05-2014,16:38,Injury,Struck pedestrian (On Road),1,1,Harrison,"(-35.231865, 149.144931)",
1198583,20-12-2018,16:30,Injury,Struck pedestrian (On Road),1,1,WODEN,"(-35.372886, 149.114595)",
1120227,29-09-2015,18:50,Injury,Struck pedestrian (On Road),1,1,BRADDON,"(-35.277449, 149.134532)",
1203232,18-03-2019,15:05,Injury,Struck pedestrian (On Road),1,1,WODEN,"(-35.224358, 149.038099)",
1032511,13-04-2012,14:36,Injury,Struck pedestrian (On Road),1,1,Acton,"(-35.275692, 149.129686)",
1146187,12-10-2016,16:40,Property Damage Only,Struck pedestrian (Off Road),1,0,Wanniassa,"(-35.406792, 149.079122)",
1208754,06-06-2019,15:25,Injury,Struck pedestrian (On Road),1,1,CURTIN,"(-35.326199, 149.086682)",
1136873,27-05-2016,17:35,Property Damage Only,Struck pedestrian (On Road),1,0,BRADDON,"(-35.270316, 149.130454)",
1079698,20-11-2013,08:10,Property Damage Only,Struck pedestrian (On Road),1,0,Ainslie,"(-35.279328, 149.135622)",
1062108,08-05-2013,15:05,Injury,Struck pedestrian (On Road),1,1,Richardson,"(-35.42788, 149.11567)",
1037077,15-06-2012,19:20,Property Damage Only,Struck pedestrian (On Road),1,0,Wanniassa,"(-35.405022, 149.098403)",
1207571,15-11-2018,18:56,Injury,Struck pedestrian (Off Road),1,1,DICKSON,"(-35.250934, 149.137704)",
1211509,16-07-2019,17:35,Injury,Struck pedestrian (On Road),1,1,TUGGERANONG,"(-35.298515, 149.150831)",
1040221,25-07-2012,16:19,Injury,Struck pedestrian (On Road),1,1,BRADDON,"(-35.270307, 149.130366)",
1175553,31-12-2017,16:00,Injury,Struck pedestrian (On Road),1,1,CURTIN,"(-35.325722, 149.082685)",
1207320,10-05-2019,16:30,Property Damage Only,Struck pedestrian (On Road),1,0,Weston,"(-35.341457, 149.052288)",
1207308,30-05-2018,18:30,Injury,Struck pedestrian (Off Road),1,1,Griffith,"(-35.319229, 149.13894)",
1096692,09-10-2014,12:05,Injury,Struck pedestrian (Off Road),1,0,Watson,"(-35.236125, 149.143445)",
1204608,31-03-2019,12:00,Injury,Struck pedestrian (On Road),1,1,Kambah,"(-35.379997, 149.057395)",
1048768,08-11-2012,16:54,Property Damage Only,Struck pedestrian (On Road),1,0,Canberra City,"(-35.279109, 149.125873)",
1077372,22-11-2013,12:45,Injury,Struck pedestrian (On Road),1,1,Wright,"(-35.325634, 149.03914)",
1244108,24-03-2021,17:52,Property Damage Only,Struck pedestrian (On Road),1,0,Canberra City,"(-35.278394, 149.129051)",
1244833,14-04-2021,11:04,Injury,Struck pedestrian (On Road),1,1,Greenway,"(-35.420355, 149.067903)",
1054450,01-02-2013,02:30,Injury,Struck pedestrian (Off Road),1,1,BARTON,"(-35.211303, 149.110757)",
1249045,11-03-2021,13:00,Injury,Struck pedestrian (Off Road),1,1,Narrabundah,"(-35.331581, 149.154687)",
1239035,23-12-2020,10:00,Injury,Struck pedestrian (On Road),1,1,Belconnen,"(-35.239783, 149.060975)",
1237837,09-11-2020,09:30,Injury,Struck pedestrian (Off Road),1,1,Kingston,"(-35.317527, 149.140087)",
1249042,12-02-2021,19:16,Property Damage Only,Struck pedestrian (On Road),1,0,DICKSON,"(-35.249489, 149.135573)",
1219054,14-11-2019,08:30,Injury,Struck pedestrian (On Road),1,1,Lyneham,"(-35.25252, 149.124517)",
1174237,03-12-2017,12:30,Property Damage Only,Struck pedestrian (On Road),1,0,Belconnen,"(-35.24511, 149.064683)",
1234611,08-10-2020,09:15,Property Damage Only,Struck pedestrian (Off Road),2,0,BARTON,"(-35.306421, 149.133432)",
1249996,01-07-2021,16:30,Property Damage Only,Struck pedestrian (On Road),1,0,Greenway,"(-35.415882, 149.06781)",
1244762,20-11-2020,21:30,Injury,Struck pedestrian (On Road),1,1,BRADDON,"(-35.27477, 149.132538)",
1236284,07-11-2020,15:30,Injury,Struck pedestrian (On Road),1,1,Griffith,"(-35.325872, 149.153929)",
1247769,23-05-2021,20:25,Property Damage Only,Struck pedestrian (On Road),1,0,Downer,"(-35.248715, 149.136173)",
1247764,15-05-2021,18:30,Injury,Struck pedestrian (On Road),1,1,Bruce,"(-35.240288, 149.091503)",
1243682,27-02-2021,15:20,Property Damage Only,Struck pedestrian (On Road),1,0,Canberra City,"(-35.280815, 149.132298)",
1245863,14-03-2021,19:00,Injury,Struck pedestrian (Off Road),1,1,TUGGERANONG,"(-35.294877, 149.143195)",
1236487,02-11-2020,20:26,Injury,Struck pedestrian (On Road),1,1,Campbell,"(-35.291231, 149.144376)",
1239659,03-01-2021,14:15,Injury,Struck pedestrian (On Road),1,1,Weston,"(-35.341457, 149.052288)",
1247491,22-05-2021,10:10,Property Damage Only,Struck pedestrian (Off Road),1,0,Hawker,"(-35.250555, 149.041628)",
1245869,21-04-2021,14:00,Injury,Struck pedestrian (On Road),1,1,Narrabundah,"(-35.324787, 149.155669)",
1232892,28-08-2020,16:20,Property Damage Only,Struck pedestrian (On Road),1,0,Florey,"(-35.226012, 149.054495)",
1249582,18-06-2021,14:50,Injury,Struck pedestrian (On Road),1,1,GUNGAHLIN,"(-35.186254, 149.13453)",
1235773,01-11-2020,00:44,Property Damage Only,Struck pedestrian (On Road),1,0,Canberra City,"(-35.279563, 149.128959)",
1248099,28-05-2021,17:45,Injury,Struck pedestrian (On Road),1,1,Belconnen,"(-35.23855, 149.076548)",
1246095,03-05-2021,09:50,Property Damage Only,Struck pedestrian (On Road),1,0,Wanniassa,"(-35.404141, 149.098226)",
1247496,24-05-2021,10:40,Injury,Struck pedestrian (On Road),1,1,Holt,"(-35.223569, 149.036927)",
1241472,10-12-2020,09:30,Injury,Struck pedestrian (On Road),1,1,Franklin,"(-35.210181, 149.138502)",
1241698,31-07-2020,09:50,Injury,Struck pedestrian (Off Road),1,1,Conder,"(-35.457557, 149.093305)",
1241705,19-11-2020,23:30,Injury,Struck pedestrian (On Road),1,1,Kingston,"(-35.310927, 149.145175)",
1243374,22-06-2020,18:30,Injury,Struck pedestrian (On Road),1,1,Kaleen,"(-35.333956, 149.326601)",
1242690,02-03-2021,08:10,Property Damage Only,Struck pedestrian (On Road),2,0,Lyneham,"(-35.244336, 149.127097)",
1243996,19-03-2021,10:38,Property Damage Only,Struck pedestrian (On Road),1,0,PHILLIP,"(-35.351851, 149.088881)",
1220320,06-12-2019,13:45,Property Damage Only,Struck pedestrian (On Road),1,0,Greenway,"(-35.421525, 149.072103)",
1244589,14-09-2020,15:00,Property Damage Only,Struck pedestrian (Off Road),1,0,Richardson,"(-35.416704, 149.135105)",
1246439,03-05-2021,16:30,Injury,Struck pedestrian (Off Road),1,1,Canberra City,"(-35.277991, 149.132638)",
1235815,12-10-2020,10:20,Injury,Struck pedestrian (On Road),1,1,Greenway,"(-35.415503, 149.067522)",
1214808,09-09-2019,16:40,Injury,Struck pedestrian (Off Road),1,1,Wright,"(-35.318647, 149.035378)",
1236737,29-10-2020,08:45,Injury,Struck pedestrian (On Road),1,1,Greenway,"(-35.371915, 149.092772)",
1241946,26-02-2021,09:35,Property Damage Only,Struck pedestrian (On Road),1,0,Turner,"(-35.263778, 149.124979)",
1105134,24-03-2014,15:00,Property Damage Only,Struck pedestrian (On Road),1,0,Nicholls,"(-35.179959, 149.133913)",
1240149,18-12-2020,19:37,Injury,Struck pedestrian (On Road),1,1,Canberra City,"(-35.276049, 149.132209)",
1235981,02-11-2020,10:35,Injury,Struck pedestrian (On Road),1,1,Acton,"(-35.276399, 149.125554)",
1241714,15-02-2021,19:09,Injury,Struck pedestrian (On Road),1,1,Belconnen,"(-35.237486, 149.06286)",
1243056,24-02-2021,11:45,Injury,Struck pedestrian (On Road),1,1,DICKSON,"(-35.249719, 149.136991)",
1247101,16-05-2021,16:30,Injury,Struck pedestrian (On Road),1,1,Fisher,"(-35.363361, 149.055488)",
1249697,23-06-2021,12:40,Injury,Struck pedestrian (On Road),1,1,Belconnen,"(-35.242407, 149.059298)",
1236673,16-11-2020,09:15,Injury,Struck pedestrian (Off Road),1,1,Canberra City,"(-35.279727, 149.125324)",
1250708,06-07-2021,07:00,Injury,Struck pedestrian (On Road),1,1,Red hill,"(-35.442848, 149.129881)",
1244842,15-04-2021,19:25,Property Damage Only,Struck pedestrian (On Road),1,0,Harrison,"(-35.200757, 149.161191)",
1248633,07-06-2021,18:42,Property Damage Only,Struck pedestrian (On Road),1,0,Canberra City,"(-35.27971, 149.12534)",
1247309,20-05-2021,13:30,Injury,Struck pedestrian (On Road),1,1,Canberra City,"(-35.280014, 149.126728)",
